id,name,price,location,image,cuisine
1,Derward Torbeck,2500,31394 Bay Lane,http://dummyimage.com/215x100.png/dddddd/000000,Mediterranean
2,Carny Powter,1600,9912 Kipling Terrace,http://dummyimage.com/122x100.png/cc0000/ffffff,Italian
3,Andrey Pointer,1800,1844 Butternut Alley,http://dummyimage.com/144x100.png/cc0000/ffffff,North Indian
4,Darryl Kennewell,800,79 Almo Place,http://dummyimage.com/228x100.png/ff4444/ffffff,Continental
5,Dwain Ivashov,1200,2324 Eastlawn Way,http://dummyimage.com/189x100.png/ff4444/ffffff,Modern Indian
6,Scarlett Charlewood,3000,28 Lyons Plaza,http://dummyimage.com/171x100.png/5fa2dd/ffffff,European
7,Tann O'Cahey,1800,471 Mosinee Parkway,http://dummyimage.com/120x100.png/ff4444/ffffff,Pizza
8,Morse Batha,5000,25 Trailsway Court,http://dummyimage.com/177x100.png/cc0000/ffffff,Grill
9,Lotte Leavey,1850,71 Artisan Lane,http://dummyimage.com/211x100.png/cc0000/ffffff,Finger Food
10,Shirlene Wildin,700,02620 Pepper Wood Point,http://dummyimage.com/192x100.png/5fa2dd/ffffff,Continental
11,Boonie Milella,1000,6 Kim Plaza,http://dummyimage.com/112x100.png/cc0000/ffffff,Pizza
12,Daryle Phelip,1500,3 Corscot Court,http://dummyimage.com/237x100.png/dddddd/000000,Modern Indian
13,Hazlett Shadfourth,4000,84 Artisan Place,http://dummyimage.com/248x100.png/cc0000/ffffff,Mexican
14,Kendrick Aylward,700,0 Daystar Place,http://dummyimage.com/162x100.png/5fa2dd/ffffff,Italian
15,Muffin Jahndel,1400,409 Bobwhite Court,http://dummyimage.com/215x100.png/cc0000/ffffff,North Indian
16,Aland Mollison,1800,190 Ridgeway Terrace,http://dummyimage.com/237x100.png/5fa2dd/ffffff,Japanese
17,Donielle Bownd,1500,8 Bluejay Way,http://dummyimage.com/198x100.png/dddddd/000000,Asian
18,Morten Markos,2000,5655 Debs Junction,http://dummyimage.com/200x100.png/dddddd/000000,Healthy Food
19,Hermia Bresnen,1500,5 Bunting Drive,http://dummyimage.com/100x100.png/cc0000/ffffff,Continental
20,Kristan McCurley,1500,8572 Browning Junction,http://dummyimage.com/244x100.png/dddddd/000000,Italian
21,Alyda Scamwell,1400,5 Old Shore Point,http://dummyimage.com/159x100.png/cc0000/ffffff,North Indian
22,Nancie Rousel,2000,5 Shelley Street,http://dummyimage.com/108x100.png/dddddd/000000,European
23,Leda Choppen,3500,3275 Pierstorff Lane,http://dummyimage.com/116x100.png/cc0000/ffffff,Continental
24,Tommie Mepham,1500,3 Emmet Junction,http://dummyimage.com/152x100.png/ff4444/ffffff,Indian
25,Valera Adao,1700,900 Lyons Place,http://dummyimage.com/203x100.png/dddddd/000000,Asian
26,Georas Walch,2500,86 Pierstorff Place,http://dummyimage.com/156x100.png/cc0000/ffffff,North Indian
27,Andie Cadwaladr,2000,50834 Caliangt Road,http://dummyimage.com/146x100.png/dddddd/000000,Continental
28,Boycie Ambrosini,2800,14705 Marcy Park,http://dummyimage.com/179x100.png/5fa2dd/ffffff,Cafe
29,Rachel Guion,1200,5 Mayfield Circle,http://dummyimage.com/196x100.png/5fa2dd/ffffff,Fast Food
30,Nalani Squibb,1600,28355 Hoffman Court,http://dummyimage.com/191x100.png/cc0000/ffffff,North Indian
31,Nobie Korlat,1500,61888 2nd Terrace,http://dummyimage.com/113x100.png/5fa2dd/ffffff,Chinese
32,Kimberli Tyas,2000,040 Melrose Court,http://dummyimage.com/134x100.png/dddddd/000000,Continental
33,Marys Maytom,3500,25 Iowa Avenue,http://dummyimage.com/230x100.png/5fa2dd/ffffff,American
34,Michelle Windows,1200,64132 Loftsgordon Hill,http://dummyimage.com/218x100.png/5fa2dd/ffffff,North Indian
35,Marris St Leger,200,224 Clove Trail,http://dummyimage.com/236x100.png/dddddd/000000,Mughlai
36,Jedd Caulier,2000,960 Delladonna Parkway,http://dummyimage.com/240x100.png/dddddd/000000,South Indian
37,Abbi Herity,1600,35 Schlimgen Point,http://dummyimage.com/239x100.png/cc0000/ffffff,Spanish
38,Chick Willeson,2000,11313 Towne Circle,http://dummyimage.com/235x100.png/ff4444/ffffff,Italian
39,Madelene Eixenberger,1500,0927 Hovde Circle,http://dummyimage.com/242x100.png/5fa2dd/ffffff,European
40,Alfreda Hanburry,5000,8782 6th Parkway,http://dummyimage.com/213x100.png/ff4444/ffffff,Lebanese
41,Linnie Loxston,1400,26 Trailsway Way,http://dummyimage.com/215x100.png/cc0000/ffffff,Fast Food
42,Rasla Lewens,2500,9 Atwood Place,http://dummyimage.com/138x100.png/5fa2dd/ffffff,Burger
43,Marianna Spurway,800,067 Stephen Crossing,http://dummyimage.com/146x100.png/ff4444/ffffff,Asian
44,Marabel Connachan,1200,91268 Paget Center,http://dummyimage.com/179x100.png/dddddd/000000,Fast Food
45,Geno Gooderridge,500,459 Bartelt Terrace,http://dummyimage.com/223x100.png/ff4444/ffffff,Desserts
46,Virgie Landre,700,6488 5th Avenue,http://dummyimage.com/243x100.png/ff4444/ffffff,Continental
47,Riannon Fisbey,850,49218 Heffernan Pass,http://dummyimage.com/234x100.png/5fa2dd/ffffff,Italian
48,Halie Darkins,450,2899 Clemons Point,http://dummyimage.com/142x100.png/dddddd/000000,North Indian
49,Etti Gartland,1200,7086 Corben Circle,http://dummyimage.com/180x100.png/5fa2dd/ffffff,Continental
50,Michelina Bale,2400,0110 Laurel Park,http://dummyimage.com/139x100.png/dddddd/000000,Seafood
51,Samson Asquith,2400,548 Maple Wood Avenue,http://dummyimage.com/178x100.png/cc0000/ffffff,Fast Food
52,Gigi Teodori,1600,158 Pawling Point,http://dummyimage.com/136x100.png/ff4444/ffffff,Desserts
53,Godfree Kubach,1400,11481 Becker Place,http://dummyimage.com/234x100.png/cc0000/ffffff,Italian
54,Stanfield Backwell,1200,31251 Maple Wood Trail,http://dummyimage.com/204x100.png/ff4444/ffffff,Finger Food
55,Rollins Kingaby,2500,0119 Montana Drive,http://dummyimage.com/138x100.png/dddddd/000000,Asian
56,Austen Foxton,1700,59 Moulton Lane,http://dummyimage.com/108x100.png/ff4444/ffffff,North Indian
57,Angel Pember,700,5828 Magdeline Park,http://dummyimage.com/140x100.png/cc0000/ffffff,Italian
58,Welbie Faustin,1700,63848 Forest Park,http://dummyimage.com/140x100.png/dddddd/000000,Lebanese
59,Catharine Moen,1800,946 Packers Crossing,http://dummyimage.com/106x100.png/ff4444/ffffff,Seafood
60,Lauryn Stearn,1200,1037 Arapahoe Court,http://dummyimage.com/145x100.png/ff4444/ffffff,Continental
61,Avrom Mercik,1400,78067 Granby Drive,http://dummyimage.com/143x100.png/dddddd/000000,North Indian
62,Wyatan Kindley,1100,81244 American Ash Plaza,http://dummyimage.com/219x100.png/ff4444/ffffff,Continental
63,Muffin Spikins,4500,137 Kings Avenue,http://dummyimage.com/149x100.png/cc0000/ffffff,Fast Food
64,Bentlee Osmund,1600,54669 Sommers Terrace,http://dummyimage.com/239x100.png/5fa2dd/ffffff,North Indian
65,Gelya Pawlick,1200,644 Warrior Court,http://dummyimage.com/223x100.png/ff4444/ffffff,Salad
66,Elisha Chipperfield,1500,771 Pierstorff Circle,http://dummyimage.com/204x100.png/5fa2dd/ffffff,European
67,Hirsch Antrack,2000,14 Gulseth Center,http://dummyimage.com/246x100.png/ff4444/ffffff,North Indian
68,Minnaminnie Monteith,1300,14201 Iowa Lane,http://dummyimage.com/143x100.png/5fa2dd/ffffff,Japanese
69,Tod Gostick,1000,7072 Hovde Center,http://dummyimage.com/113x100.png/dddddd/000000,Italian
70,Othilia Dearman,400,4993 Onsgard Trail,http://dummyimage.com/149x100.png/ff4444/ffffff,Pizza
71,Nicholas Davers,900,40 Anderson Place,http://dummyimage.com/226x100.png/cc0000/ffffff,Salad
72,Denny Tomaskunas,2600,61511 Loeprich Center,http://dummyimage.com/103x100.png/5fa2dd/ffffff,Chinese
73,Noby Foxon,1300,14 Hansons Pass,http://dummyimage.com/163x100.png/5fa2dd/ffffff,Japanese
74,See MacGiolla Pheadair,3500,80 Main Court,http://dummyimage.com/228x100.png/ff4444/ffffff,Asian
75,Worth Volet,2700,33627 Londonderry Park,http://dummyimage.com/166x100.png/5fa2dd/ffffff,North Indian
76,Bev Seary,800,42834 Pawling Junction,http://dummyimage.com/243x100.png/dddddd/000000,Modern Indian
77,Conny Sandell,1500,834 Meadow Vale Way,http://dummyimage.com/114x100.png/cc0000/ffffff,Lebanese
78,Cyrill Crosher,1500,171 Oneill Way,http://dummyimage.com/188x100.png/5fa2dd/ffffff,European
79,Nathanial Wyeth,800,25 Novick Crossing,http://dummyimage.com/180x100.png/ff4444/ffffff,Mediterranean
80,Felipa Symson,3000,25 Coolidge Place,http://dummyimage.com/243x100.png/5fa2dd/ffffff,Arabian
81,Regina Dedrick,1500,55577 Bunting Point,http://dummyimage.com/105x100.png/cc0000/ffffff,Cafe
82,Chandal Gilbertson,1200,71695 Myrtle Circle,http://dummyimage.com/207x100.png/ff4444/ffffff,Seafood
83,Cristi Hicklingbottom,2000,15 Village Green Place,http://dummyimage.com/172x100.png/5fa2dd/ffffff,Modern Australian
84,Claiborn Dungate,1400,593 Westridge Avenue,http://dummyimage.com/188x100.png/5fa2dd/ffffff,Grill
85,Gunar Tunaclift,2400,2 Glendale Road,http://dummyimage.com/156x100.png/ff4444/ffffff,North Indian
86,Bridgette Hulk,1000,786 Eggendart Crossing,http://dummyimage.com/241x100.png/5fa2dd/ffffff,Turkish
87,Kissiah Garstang,1300,5492 Toban Point,http://dummyimage.com/137x100.png/dddddd/000000,Lebanese
88,Babita Godding,1000,0 Mariners Cove Pass,http://dummyimage.com/162x100.png/5fa2dd/ffffff,Greek
89,Corabel Casarili,450,1150 Mccormick Drive,http://dummyimage.com/198x100.png/ff4444/ffffff,Asian
90,Gabrila Mumford,1200,912 Dexter Lane,http://dummyimage.com/168x100.png/dddddd/000000,Cantonese
91,Blancha Woodington,1000,87694 Graedel Parkway,http://dummyimage.com/230x100.png/dddddd/000000,Chinese
92,Elihu Eisikowitch,3000,3 Miller Place,http://dummyimage.com/246x100.png/5fa2dd/ffffff,Dim Sum
93,Kelsey Gilardoni,1200,11 Mandrake Point,http://dummyimage.com/187x100.png/ff4444/ffffff,Tea
94,Timi Iscowitz,2000,06214 Melvin Hill,http://dummyimage.com/118x100.png/cc0000/ffffff,Yum Cha
95,Killian Candwell,1500,35 Tennyson Center,http://dummyimage.com/147x100.png/dddddd/000000,Finger Food
96,Sandi Parrin,1000,8367 Holy Cross Lane,http://dummyimage.com/124x100.png/ff4444/ffffff,Italian
97,Fredrick Danelutti,1500,81887 Hagan Point,http://dummyimage.com/151x100.png/dddddd/000000,Pizza
98,Lotta Peart,1300,376 Lighthouse Bay Center,http://dummyimage.com/175x100.png/cc0000/ffffff,Continental
99,Olly Alabone,1000,65324 Melby Avenue,http://dummyimage.com/133x100.png/ff4444/ffffff,Finger Food
100,Richy Kigelman,450,88 Atwood Court,http://dummyimage.com/154x100.png/dddddd/000000,Fusion
101,Hortense Anton,1200,344 Summer Ridge Center,http://dummyimage.com/231x100.png/cc0000/ffffff,Mediterranean
102,Olag Campos,650,7 Hudson Point,http://dummyimage.com/146x100.png/5fa2dd/ffffff,European
103,Lissi Brosch,600,474 Lyons Circle,http://dummyimage.com/203x100.png/5fa2dd/ffffff,Mughlai
104,Jemima Ensor,500,70490 Emmet Plaza,http://dummyimage.com/153x100.png/cc0000/ffffff,Finger Food
105,Judah Rubinov,500,44331 Clove Way,http://dummyimage.com/221x100.png/ff4444/ffffff,Japanese
106,Kori Vallens,1400,903 Welch Place,http://dummyimage.com/205x100.png/5fa2dd/ffffff,Sushi
107,Saraann Stelfox,2500,82891 Meadow Ridge Pass,http://dummyimage.com/118x100.png/ff4444/ffffff,Finger Food
108,Odell Mullinder,1000,032 Mitchell Hill,http://dummyimage.com/160x100.png/cc0000/ffffff,Indian
109,Silvio Ratley,300,6 Hintze Way,http://dummyimage.com/175x100.png/5fa2dd/ffffff,Asian
110,Baudoin Emanuelli,1200,4491 Ramsey Trail,http://dummyimage.com/245x100.png/ff4444/ffffff,Finger Food
111,Nicolina Drinan,1400,308 Melrose Alley,http://dummyimage.com/197x100.png/dddddd/000000,Fast Food
112,Lin Fear,1500,03830 Center Alley,http://dummyimage.com/141x100.png/ff4444/ffffff,Pizza
113,Emelen Jellico,1000,5 Stang Avenue,http://dummyimage.com/107x100.png/5fa2dd/ffffff,Beverages
114,Cyril Buckwell,2100,014 Brentwood Terrace,http://dummyimage.com/145x100.png/dddddd/000000,Modern Indian
115,Vinita Braam,1000,6 Kipling Trail,http://dummyimage.com/156x100.png/dddddd/000000,Italian
116,Jan Otridge,1000,365 Comanche Lane,http://dummyimage.com/147x100.png/5fa2dd/ffffff,American
117,Edi Culpen,2500,12763 Old Gate Park,http://dummyimage.com/102x100.png/5fa2dd/ffffff,North Indian
118,Juliann Burnett,1900,097 Ramsey Plaza,http://dummyimage.com/143x100.png/dddddd/000000,Italian
119,Zacharias Feldmark,700,87 Ruskin Avenue,http://dummyimage.com/194x100.png/dddddd/000000,Chinese
120,Eloisa Rodie,1500,01 Stephen Plaza,http://dummyimage.com/214x100.png/5fa2dd/ffffff,Continental
121,Jule Napoleone,3000,6 Macpherson Drive,http://dummyimage.com/113x100.png/cc0000/ffffff,Modern Indian
122,Bernelle Edyson,1800,64675 Aberg Center,http://dummyimage.com/228x100.png/cc0000/ffffff,Asian
123,Arlana Beddie,1500,8 Carberry Road,http://dummyimage.com/150x100.png/cc0000/ffffff,Italian
124,Cornell Lardge,1500,2 Sommers Court,http://dummyimage.com/213x100.png/dddddd/000000,Finger Food
125,Martainn Sacaze,1800,5 Anderson Terrace,http://dummyimage.com/128x100.png/cc0000/ffffff,North Indian
126,Winnifred Heggman,1500,34643 Elgar Crossing,http://dummyimage.com/110x100.png/cc0000/ffffff,South Indian
127,Honoria Brough,1800,1 Stang Junction,http://dummyimage.com/160x100.png/ff4444/ffffff,North Indian
128,Giraldo Huxter,1500,6 Merrick Point,http://dummyimage.com/207x100.png/cc0000/ffffff,Mexican
129,Kelila Heberden,1200,18 3rd Hill,http://dummyimage.com/224x100.png/5fa2dd/ffffff,Italian
130,Jarad Smithyman,1400,48555 Kinsman Point,http://dummyimage.com/234x100.png/5fa2dd/ffffff,Continental
131,Reynold Beldham,2700,05 Dryden Terrace,http://dummyimage.com/170x100.png/dddddd/000000,Seafood
132,Jessie Galpin,250,7 Graceland Alley,http://dummyimage.com/248x100.png/ff4444/ffffff,Continental
133,Bobette Balch,3500,68711 Granby Court,http://dummyimage.com/228x100.png/ff4444/ffffff,Lebanese
134,Persis MacNeice,1500,5956 Lawn Way,http://dummyimage.com/200x100.png/cc0000/ffffff,North Indian
135,Cindy Shilleto,1000,8129 Acker Hill,http://dummyimage.com/244x100.png/5fa2dd/ffffff,Mediterranean
136,Pedro Scolding,500,662 Green Avenue,http://dummyimage.com/135x100.png/ff4444/ffffff,European
137,Gorden Ciementini,650,65155 Meadow Valley Trail,http://dummyimage.com/213x100.png/dddddd/000000,Italian
138,Colette Essex,1200,2 Porter Street,http://dummyimage.com/132x100.png/ff4444/ffffff,Pan Asian
139,Casey Worsnop,2000,021 Ludington Lane,http://dummyimage.com/153x100.png/dddddd/000000,Asian
140,Shae Aitcheson,900,892 Menomonie Center,http://dummyimage.com/150x100.png/cc0000/ffffff,Pizza
141,Madelyn Trengrove,1500,461 Anniversary Drive,http://dummyimage.com/211x100.png/ff4444/ffffff,Italian
142,Patrice Davis,1200,8 Moose Crossing,http://dummyimage.com/142x100.png/ff4444/ffffff,Desserts
143,Shae Tringham,800,5280 Beilfuss Alley,http://dummyimage.com/198x100.png/cc0000/ffffff,Cafe
144,Jeromy Kluss,1500,0087 Grim Place,http://dummyimage.com/132x100.png/5fa2dd/ffffff,Desserts
145,Isaiah Foulger,1500,843 Barnett Plaza,http://dummyimage.com/124x100.png/cc0000/ffffff,North Indian
146,Marlane Simeonov,2000,42 Oakridge Court,http://dummyimage.com/200x100.png/ff4444/ffffff,Mughlai
147,Grange Carles,1600,7 Packers Lane,http://dummyimage.com/112x100.png/5fa2dd/ffffff,Chinese
148,Berton Gloves,1300,7 Forster Hill,http://dummyimage.com/250x100.png/dddddd/000000,Fast Food
149,Lina Tsarovic,1000,28 Hoepker Drive,http://dummyimage.com/185x100.png/cc0000/ffffff,European
150,Ramsey Tretter,1500,9 Summer Ridge Way,http://dummyimage.com/215x100.png/5fa2dd/ffffff,Continental
151,Ewan Goaley,1500,30320 Browning Trail,http://dummyimage.com/239x100.png/dddddd/000000,Mediterranean
152,Mindy Killshaw,1200,98031 Knutson Crossing,http://dummyimage.com/146x100.png/cc0000/ffffff,European
153,Cicely Sinden,650,0 Bellgrove Crossing,http://dummyimage.com/178x100.png/dddddd/000000,Pizza
154,Ynes Consadine,1200,43428 Bartelt Parkway,http://dummyimage.com/176x100.png/dddddd/000000,Sushi
155,Jesse Pitcock,1000,65 Clemons Street,http://dummyimage.com/195x100.png/ff4444/ffffff,Burger
156,Alf Tumulty,1600,946 Dovetail Hill,http://dummyimage.com/166x100.png/dddddd/000000,Grill
157,Grady Derrington,800,23422 Knutson Parkway,http://dummyimage.com/180x100.png/dddddd/000000,Italian
158,Sanders Parsonson,1500,108 Vera Center,http://dummyimage.com/239x100.png/dddddd/000000,Mediterranean
159,Munmro Filde,1800,6 Banding Plaza,http://dummyimage.com/155x100.png/5fa2dd/ffffff,Salad
160,Gordie Carlo,1500,091 Green Ridge Terrace,http://dummyimage.com/147x100.png/ff4444/ffffff,North Indian
161,Hilliard Raycroft,1300,22451 Morrow Trail,http://dummyimage.com/245x100.png/cc0000/ffffff,Mughlai
162,Billy Wornham,1500,520 Waywood Drive,http://dummyimage.com/189x100.png/5fa2dd/ffffff,North Indian
163,Berke Grinnov,1500,143 Nancy Road,http://dummyimage.com/198x100.png/5fa2dd/ffffff,Chinese
164,Jamison Burtwhistle,1500,89 Sauthoff Place,http://dummyimage.com/231x100.png/cc0000/ffffff,Italian
165,Ursuline Aronstein,1400,17 Farmco Plaza,http://dummyimage.com/170x100.png/5fa2dd/ffffff,Mexican
166,Norean MacMickan,3000,4976 Ridgeway Circle,http://dummyimage.com/236x100.png/5fa2dd/ffffff,Continental
167,Retha Cummungs,1500,7237 Bunker Hill Plaza,http://dummyimage.com/163x100.png/dddddd/000000,Thai
168,Sidnee Minogue,1200,3227 Pond Avenue,http://dummyimage.com/138x100.png/ff4444/ffffff,Italian
169,Keelia MacKee,2000,0 Grasskamp Park,http://dummyimage.com/225x100.png/dddddd/000000,Mexican
170,Modestia Pautard,2400,63609 Bellgrove Hill,http://dummyimage.com/169x100.png/ff4444/ffffff,Mediterranean
171,Cory Reese,750,647 Valley Edge Street,http://dummyimage.com/136x100.png/5fa2dd/ffffff,Modern Indian
172,Kirsti Blainey,1200,94688 Loftsgordon Plaza,http://dummyimage.com/229x100.png/ff4444/ffffff,American
173,Briny Sampey,1400,37041 Hallows Alley,http://dummyimage.com/214x100.png/cc0000/ffffff,Continental
174,Gill Gonet,2000,049 Florence Junction,http://dummyimage.com/160x100.png/5fa2dd/ffffff,Italian
175,Lauritz Geddes,200,3 Pine View Hill,http://dummyimage.com/195x100.png/dddddd/000000,Finger Food
176,Raddy Holworth,800,569 Buena Vista Place,http://dummyimage.com/167x100.png/dddddd/000000,Cafe
177,Genevra Nattriss,700,8221 Melody Junction,http://dummyimage.com/122x100.png/5fa2dd/ffffff,Italian
178,De witt Whittock,1800,2 Charing Cross Hill,http://dummyimage.com/176x100.png/5fa2dd/ffffff,Salad
179,Dominique Edelheid,350,45121 Butternut Court,http://dummyimage.com/202x100.png/cc0000/ffffff,Desserts
180,Cullie Jeromson,1200,6300 Mccormick Park,http://dummyimage.com/191x100.png/cc0000/ffffff,Beverages
181,Mike Itzkowicz,1000,2025 Chinook Drive,http://dummyimage.com/196x100.png/cc0000/ffffff,Finger Food
182,Gill Climpson,1000,075 Novick Parkway,http://dummyimage.com/182x100.png/cc0000/ffffff,Thai
183,Hillyer Stockill,1800,27312 Pierstorff Way,http://dummyimage.com/133x100.png/cc0000/ffffff,Goan
184,Rene Russon,700,764 Tennyson Alley,http://dummyimage.com/239x100.png/dddddd/000000,Indian
185,Jerrie Endrighi,200,0550 Michigan Pass,http://dummyimage.com/225x100.png/ff4444/ffffff,Continental
186,Hildegarde Breede,1500,8072 Cottonwood Terrace,http://dummyimage.com/229x100.png/cc0000/ffffff,American
187,Gennifer Riquet,1500,8 Blackbird Center,http://dummyimage.com/150x100.png/ff4444/ffffff,North Eastern
188,Herminia Bleibaum,300,9 Bayside Place,http://dummyimage.com/219x100.png/dddddd/000000,Chinese
189,Justin Prop,1800,39 Canary Street,http://dummyimage.com/168x100.png/5fa2dd/ffffff,Finger Food
190,Kally Stout,1100,7169 Dovetail Pass,http://dummyimage.com/103x100.png/5fa2dd/ffffff,Cafe
191,Luke Vause,1200,3 Elka Parkway,http://dummyimage.com/110x100.png/cc0000/ffffff,American
192,Gwennie Bengtsen,650,01614 Express Circle,http://dummyimage.com/151x100.png/cc0000/ffffff,Desserts
193,Adriano Crambie,1700,44 Farmco Terrace,http://dummyimage.com/101x100.png/5fa2dd/ffffff,Continental
194,Blinny Howlings,3000,5671 Glacier Hill Park,http://dummyimage.com/171x100.png/5fa2dd/ffffff,American
195,Bret Rolf,2500,6156 Banding Terrace,http://dummyimage.com/210x100.png/dddddd/000000,Chinese
196,Cherrita Rowntree,1200,6866 Loftsgordon Drive,http://dummyimage.com/200x100.png/ff4444/ffffff,Mughlai
197,Julie Grahlmans,1600,6 Veith Way,http://dummyimage.com/201x100.png/ff4444/ffffff,Italian
198,Uriah Ortzen,2000,488 Ridge Oak Center,http://dummyimage.com/228x100.png/cc0000/ffffff,Mexican
199,Brandice Megany,1800,2 Mallard Drive,http://dummyimage.com/230x100.png/5fa2dd/ffffff,Italian
200,Johnna Gianullo,1600,672 Ridgeview Road,http://dummyimage.com/197x100.png/cc0000/ffffff,Finger Food
201,Marianne Broomhead,1900,09163 Warner Parkway,http://dummyimage.com/139x100.png/cc0000/ffffff,Greek
202,Chris Verrico,2500,44129 Schmedeman Lane,http://dummyimage.com/224x100.png/ff4444/ffffff,Finger Food
203,Rubi Castaner,800,182 Sherman Crossing,http://dummyimage.com/119x100.png/ff4444/ffffff,Continental
204,Adlai Slite,400,73 Donald Parkway,http://dummyimage.com/209x100.png/5fa2dd/ffffff,Sushi
205,Vania Mungham,1950,5705 Hallows Circle,http://dummyimage.com/112x100.png/ff4444/ffffff,Asian
206,Sharron Dronsfield,1500,287 Waywood Plaza,http://dummyimage.com/135x100.png/dddddd/000000,Chinese
207,Vance Aleshkov,1000,161 Golf Course Parkway,http://dummyimage.com/233x100.png/ff4444/ffffff,Thai
208,Andriana Lathbury,800,381 Donald Alley,http://dummyimage.com/234x100.png/5fa2dd/ffffff,Japanese
209,Fletch Provost,250,306 Stoughton Avenue,http://dummyimage.com/186x100.png/ff4444/ffffff,Parsi
210,Gunner Yeldham,1200,1 Westerfield Parkway,http://dummyimage.com/103x100.png/5fa2dd/ffffff,Iranian
211,Rolph Cucinotta,800,2 Carberry Parkway,http://dummyimage.com/213x100.png/dddddd/000000,Indian
212,Tremayne Sewart,1000,037 Holy Cross Place,http://dummyimage.com/110x100.png/5fa2dd/ffffff,North Indian
213,Brigida MacDonogh,1000,92365 Bartillon Crossing,http://dummyimage.com/196x100.png/cc0000/ffffff,Chinese
214,Sherlock D'Adamo,1200,51 Reindahl Terrace,http://dummyimage.com/188x100.png/5fa2dd/ffffff,Continental
215,Vilhelmina Speek,2000,03924 Warbler Road,http://dummyimage.com/162x100.png/cc0000/ffffff,Desserts
216,Fidelity Kezourec,550,3 Doe Crossing Junction,http://dummyimage.com/128x100.png/ff4444/ffffff,Salad
217,Cherish Frawley,1000,4316 Haas Trail,http://dummyimage.com/234x100.png/ff4444/ffffff,Healthy Food
218,Bernadette Alban,3000,8 Bunting Circle,http://dummyimage.com/241x100.png/dddddd/000000,Juices
219,Oriana Standidge,1650,39709 Kenwood Point,http://dummyimage.com/123x100.png/ff4444/ffffff,Chinese
220,Cesya Dabrowski,1600,42 John Wall Crossing,http://dummyimage.com/199x100.png/ff4444/ffffff,Cantonese
221,Francisco Mallia,1500,70605 Loomis Circle,http://dummyimage.com/166x100.png/5fa2dd/ffffff,Asian
222,Dirk Cogdon,1400,051 Rieder Center,http://dummyimage.com/231x100.png/ff4444/ffffff,Dim Sum
223,Russ Winfield,1000,5257 Russell Alley,http://dummyimage.com/141x100.png/5fa2dd/ffffff,American
224,Sarita Paling,2500,8 Muir Avenue,http://dummyimage.com/185x100.png/cc0000/ffffff,North Indian
225,Ludovico Barrasse,1000,19 Annamark Court,http://dummyimage.com/224x100.png/ff4444/ffffff,Asian
226,Marys Chesson,1500,0 Becker Pass,http://dummyimage.com/141x100.png/dddddd/000000,Finger Food
227,Cicely Werner,1000,03 Dovetail Terrace,http://dummyimage.com/112x100.png/5fa2dd/ffffff,North Indian
228,Bekki Leppo,700,45179 Schmedeman Center,http://dummyimage.com/190x100.png/cc0000/ffffff,Italian
229,Wilhelmina McIlwaine,1000,68 Porter Crossing,http://dummyimage.com/187x100.png/ff4444/ffffff,Finger Food
230,Quill Lavens,450,9 Rowland Avenue,http://dummyimage.com/139x100.png/dddddd/000000,Pizza
231,Staford Stops,500,5 Loeprich Road,http://dummyimage.com/154x100.png/5fa2dd/ffffff,Modern Indian
232,Mireielle Bawden,500,4 Mayfield Lane,http://dummyimage.com/101x100.png/dddddd/000000,North Indian
233,Kaylee Butner,500,54 Melvin Point,http://dummyimage.com/111x100.png/ff4444/ffffff,Continental
234,Willi Belchambers,1400,89 Lyons Crossing,http://dummyimage.com/210x100.png/cc0000/ffffff,Indian
235,Westleigh Pendleton,1400,2240 Golden Leaf Road,http://dummyimage.com/139x100.png/cc0000/ffffff,Fast Food
236,Juana Matityahu,1400,09124 Barby Place,http://dummyimage.com/111x100.png/cc0000/ffffff,Italian
237,Sibilla Luetkemeyer,1400,3121 Lillian Terrace,http://dummyimage.com/193x100.png/5fa2dd/ffffff,Beverages
238,Cariotta O'Collopy,1400,240 Sachtjen Drive,http://dummyimage.com/207x100.png/5fa2dd/ffffff,Mexican
239,Abbie Cossar,1400,41 Pepper Wood Pass,http://dummyimage.com/211x100.png/cc0000/ffffff,Italian
240,Hamlen Goodnow,400,8 8th Lane,http://dummyimage.com/209x100.png/5fa2dd/ffffff,North Indian
241,Ebenezer Blaxall,850,65276 Oxford Way,http://dummyimage.com/122x100.png/cc0000/ffffff,Japanese
242,Chevy Taberer,1300,90215 5th Road,http://dummyimage.com/192x100.png/ff4444/ffffff,Asian
243,Aggie Linner,1500,82699 Amoth Parkway,http://dummyimage.com/180x100.png/cc0000/ffffff,Modern Indian
244,Bertine Biers,1700,4 Mockingbird Pass,http://dummyimage.com/103x100.png/ff4444/ffffff,Finger Food
245,Jacquetta Purle,1700,2427 Oneill Lane,http://dummyimage.com/123x100.png/dddddd/000000,Modern Indian
246,Sena Lattos,2500,145 Loeprich Drive,http://dummyimage.com/177x100.png/ff4444/ffffff,North Indian
247,Delila Dailey,1600,8 Moulton Point,http://dummyimage.com/164x100.png/dddddd/000000,Mexican
248,Joelie Gatty,1300,3 Jackson Junction,http://dummyimage.com/217x100.png/cc0000/ffffff,Italian
249,Steward Burdus,300,9 Bonner Trail,http://dummyimage.com/212x100.png/cc0000/ffffff,Continental
250,Carlina McGriffin,1000,7 Melvin Crossing,http://dummyimage.com/222x100.png/ff4444/ffffff,European
251,Isadore Grigoire,1300,94 Nevada Place,http://dummyimage.com/106x100.png/5fa2dd/ffffff,Pizza
252,Kellby Pollastrone,2500,227 Acker Road,http://dummyimage.com/196x100.png/cc0000/ffffff,Sushi
253,Lodovico Jerrans,1000,8 Kinsman Crossing,http://dummyimage.com/131x100.png/dddddd/000000,Burger
254,Brittni Gow,1450,18204 Waxwing Lane,http://dummyimage.com/115x100.png/dddddd/000000,Grill
255,Bard Redon,1400,96 Donald Pass,http://dummyimage.com/242x100.png/ff4444/ffffff,North Indian
256,Sibley Barts,1500,5 South Plaza,http://dummyimage.com/238x100.png/ff4444/ffffff,Asian
257,Elton McNamee,1900,54 Blaine Lane,http://dummyimage.com/167x100.png/5fa2dd/ffffff,North Indian
258,Fernanda Matzaitis,3000,0930 Sunnyside Parkway,http://dummyimage.com/134x100.png/5fa2dd/ffffff,Continental
259,Jeannie Farnie,2200,54702 Northview Trail,http://dummyimage.com/153x100.png/dddddd/000000,Desserts
260,Wenonah Cruikshank,500,0 Oak Valley Alley,http://dummyimage.com/162x100.png/ff4444/ffffff,Continental
261,Antony Merrison,1000,80239 Oak Pass,http://dummyimage.com/183x100.png/5fa2dd/ffffff,Fast Food
262,Phip Giuron,1700,570 Mosinee Hill,http://dummyimage.com/187x100.png/dddddd/000000,Cafe
263,Mab Claisse,6500,050 Donald Circle,http://dummyimage.com/167x100.png/cc0000/ffffff,Sandwich
264,Aurthur Gwyneth,5500,2 Walton Trail,http://dummyimage.com/105x100.png/dddddd/000000,Chinese
265,Ashia Shellshear,3500,85 Welch Pass,http://dummyimage.com/115x100.png/dddddd/000000,Salad
266,Calla Purse,2500,89487 Homewood Pass,http://dummyimage.com/245x100.png/5fa2dd/ffffff,Modern Indian
267,Nedi Josum,1200,9 Maple Drive,http://dummyimage.com/127x100.png/cc0000/ffffff,Finger Food
268,Sal Knappett,1000,94 Barnett Street,http://dummyimage.com/159x100.png/dddddd/000000,South Indian
269,Welsh Beville,1800,18 Weeping Birch Crossing,http://dummyimage.com/129x100.png/5fa2dd/ffffff,Fast Food
270,Gamaliel Gething,1900,32 Coolidge Avenue,http://dummyimage.com/164x100.png/cc0000/ffffff,Beverages
271,Issi Longmore,1000,925 Lukken Pass,http://dummyimage.com/203x100.png/5fa2dd/ffffff,Street Food
272,Marcia Penvarden,1000,05428 Canary Hill,http://dummyimage.com/134x100.png/dddddd/000000,Street Food
273,Cherie Sambrook,900,77 Badeau Place,http://dummyimage.com/106x100.png/ff4444/ffffff,Continental
274,Margarita Taylor,750,44922 Scoville Way,http://dummyimage.com/172x100.png/dddddd/000000,Burger
275,Bealle Hansom,500,4 Buena Vista Lane,http://dummyimage.com/149x100.png/ff4444/ffffff,Biryani
276,Finlay Atton,150,645 David Way,http://dummyimage.com/242x100.png/ff4444/ffffff,Italian
277,Adelaide Bligh,1500,88490 Thackeray Road,http://dummyimage.com/167x100.png/5fa2dd/ffffff,Pizza
278,Maisey Spelsbury,1600,02 Blaine Place,http://dummyimage.com/104x100.png/cc0000/ffffff,Finger Food
279,Dee dee McPake,2100,88 Logan Place,http://dummyimage.com/148x100.png/cc0000/ffffff,Indian
280,Karlie Pither,2000,025 Leroy Parkway,http://dummyimage.com/123x100.png/5fa2dd/ffffff,American
281,Sauveur Mintram,1200,56 Larry Pass,http://dummyimage.com/145x100.png/ff4444/ffffff,Burger
282,Pamelina Gerhts,1500,1773 Coolidge Trail,http://dummyimage.com/109x100.png/dddddd/000000,Fast Food
283,Kassie Knewstub,1500,185 Golf Course Alley,http://dummyimage.com/170x100.png/5fa2dd/ffffff,Asian
284,Stewart Shevlane,2100,1432 Sachs Drive,http://dummyimage.com/179x100.png/cc0000/ffffff,Chinese
285,Dulcia Callan,500,12476 Clove Hill,http://dummyimage.com/151x100.png/cc0000/ffffff,Continental
286,Heda Yannoni,4000,988 Mcbride Drive,http://dummyimage.com/249x100.png/5fa2dd/ffffff,Italian
287,Cicely Alejo,1800,274 Chive Crossing,http://dummyimage.com/155x100.png/ff4444/ffffff,North Indian
288,Lacey Furnell,1000,77754 Sunnyside Plaza,http://dummyimage.com/105x100.png/dddddd/000000,Mexican
289,Charles Carless,800,28 Westerfield Circle,http://dummyimage.com/244x100.png/dddddd/000000,Thai
290,Leesa Argente,1500,8 Prentice Crossing,http://dummyimage.com/248x100.png/ff4444/ffffff,European
291,Dannie Pitchers,1900,2470 Steensland Park,http://dummyimage.com/119x100.png/cc0000/ffffff,Continental
292,Lorelei Pilsbury,750,34 Reinke Point,http://dummyimage.com/130x100.png/cc0000/ffffff,North Indian
293,Mikey Dibnah,1100,51306 Main Place,http://dummyimage.com/224x100.png/cc0000/ffffff,Mediterranean
294,Dacia Yakubovics,3000,419 Hansons Road,http://dummyimage.com/245x100.png/cc0000/ffffff,Mexican
295,Lennard Mogridge,1000,91288 Michigan Point,http://dummyimage.com/161x100.png/5fa2dd/ffffff,Spanish
296,Jonah Sansun,500,796 Old Shore Center,http://dummyimage.com/233x100.png/5fa2dd/ffffff,Italian
297,Portie Neem,1200,490 Melvin Trail,http://dummyimage.com/191x100.png/cc0000/ffffff,European
298,Dulsea Pennicott,1200,1 Golf Plaza,http://dummyimage.com/183x100.png/5fa2dd/ffffff,Greek
299,Rubetta Danielot,2500,794 Northfield Pass,http://dummyimage.com/100x100.png/cc0000/ffffff,Lebanese
300,Cecilia Bonfield,1000,20062 Nelson Hill,http://dummyimage.com/167x100.png/cc0000/ffffff,Cafe
301,Wolf Haizelden,1150,59694 Westend Trail,http://dummyimage.com/191x100.png/cc0000/ffffff,Beverages
302,Colin Stetson,4000,59 Bonner Road,http://dummyimage.com/122x100.png/cc0000/ffffff,Continental
303,Kristel Sallter,1000,4076 Dwight Point,http://dummyimage.com/209x100.png/dddddd/000000,Italian
304,Nora Forton,1200,52114 Fisk Street,http://dummyimage.com/218x100.png/cc0000/ffffff,Lebanese
305,Dalston Sabatier,1000,9 Prairie Rose Crossing,http://dummyimage.com/163x100.png/dddddd/000000,Desserts
306,Earl Rawlyns,1500,4398 Cambridge Avenue,http://dummyimage.com/180x100.png/ff4444/ffffff,Chinese
307,Larine Underwood,2200,214 Sage Crossing,http://dummyimage.com/219x100.png/cc0000/ffffff,Continental
308,Stephenie Lacelett,1500,53 Lindbergh Drive,http://dummyimage.com/230x100.png/ff4444/ffffff,Mediterranean
309,Dominique Dennitts,500,29 4th Pass,http://dummyimage.com/186x100.png/5fa2dd/ffffff,Biryani
310,Amalie Itzhaiek,550,7655 Trailsway Terrace,http://dummyimage.com/237x100.png/ff4444/ffffff,North Indian
311,Mylo Goulborn,900,284 Lawn Point,http://dummyimage.com/246x100.png/cc0000/ffffff,Chinese
312,Talyah Seston,700,4 Esch Point,http://dummyimage.com/200x100.png/ff4444/ffffff,Persian
313,Parnell Duffie,1500,50 Buhler Place,http://dummyimage.com/245x100.png/cc0000/ffffff,Mughlai
314,Loni Maffulli,750,51763 Talisman Alley,http://dummyimage.com/244x100.png/cc0000/ffffff,Continental
315,My Terzi,1200,736 Cordelia Pass,http://dummyimage.com/176x100.png/5fa2dd/ffffff,Burger
316,Nanine Bennough,850,921 Talmadge Street,http://dummyimage.com/150x100.png/dddddd/000000,North Indian
317,Harriot Windrum,800,8 Hansons Drive,http://dummyimage.com/173x100.png/cc0000/ffffff,Street Food
318,Bartram Buchan,800,6055 Washington Terrace,http://dummyimage.com/167x100.png/ff4444/ffffff,Fast Food
319,Margarete Bellhanger,3000,8185 Anniversary Pass,http://dummyimage.com/125x100.png/ff4444/ffffff,Chinese
320,Tansy Whewill,800,42 Twin Pines Trail,http://dummyimage.com/215x100.png/cc0000/ffffff,Finger Food
321,Itch Hush,300,4998 Utah Street,http://dummyimage.com/209x100.png/5fa2dd/ffffff,North Indian
322,Marnia Douthwaite,2500,4471 Packers Plaza,http://dummyimage.com/189x100.png/ff4444/ffffff,Italian
323,Chantal Langland,1300,12543 Hanover Hill,http://dummyimage.com/116x100.png/cc0000/ffffff,Mexican
324,Katleen Gauntlett,550,461 Mcguire Drive,http://dummyimage.com/122x100.png/5fa2dd/ffffff,Continental
325,Artur Oswick,1800,1569 Burning Wood Pass,http://dummyimage.com/158x100.png/dddddd/000000,Coffee and Tea
326,Walton Stapells,800,301 Anniversary Park,http://dummyimage.com/233x100.png/ff4444/ffffff,Cafe
327,Lorianna Sommerland,800,6 Bluestem Avenue,http://dummyimage.com/131x100.png/5fa2dd/ffffff,Desserts
328,Bari Laker,1000,90 Goodland Crossing,http://dummyimage.com/137x100.png/ff4444/ffffff,American
329,Raimondo Macartney,1200,3 Forest Street,http://dummyimage.com/111x100.png/dddddd/000000,Italian
330,Tuckie Keppy,1400,74 Green Avenue,http://dummyimage.com/141x100.png/dddddd/000000,Burger
331,Gawain Picopp,200,9 Harper Hill,http://dummyimage.com/157x100.png/cc0000/ffffff,Bakery
332,Renate Ishchenko,1180,14 Spaight Road,http://dummyimage.com/116x100.png/cc0000/ffffff,Desserts
333,Paolina Halsted,1100,297 Lyons Place,http://dummyimage.com/196x100.png/ff4444/ffffff,North Indian
334,Georgina Balding,500,7893 Pearson Plaza,http://dummyimage.com/128x100.png/dddddd/000000,Biryani
335,Luce Crothers,1500,3 Spaight Terrace,http://dummyimage.com/145x100.png/5fa2dd/ffffff,Sandwich
336,Clemente Castane,1600,07 Charing Cross Street,http://dummyimage.com/186x100.png/ff4444/ffffff,Rolls
337,Loree Icom,4000,77261 Katie Junction,http://dummyimage.com/187x100.png/cc0000/ffffff,Salad
338,Milty Blench,400,6 Cordelia Circle,http://dummyimage.com/196x100.png/cc0000/ffffff,Ice Cream
339,Glory Settle,1500,81713 Sloan Court,http://dummyimage.com/126x100.png/dddddd/000000,Mediterranean
340,Pet Benettini,1000,13765 Lawn Court,http://dummyimage.com/126x100.png/dddddd/000000,European
341,Elaine Farries,2500,7203 Burrows Terrace,http://dummyimage.com/235x100.png/ff4444/ffffff,Italian
342,Gene Motto,1900,09993 Norway Maple Terrace,http://dummyimage.com/131x100.png/5fa2dd/ffffff,Salad
343,Jeddy Robjents,1900,25 Northland Drive,http://dummyimage.com/120x100.png/ff4444/ffffff,European
344,Chip Spybey,1900,4473 Schurz Park,http://dummyimage.com/224x100.png/cc0000/ffffff,Asian
345,Camille Rennick,1900,96465 Gateway Point,http://dummyimage.com/246x100.png/dddddd/000000,Fast Food
346,Evey Rizzini,1900,05316 Fallview Point,http://dummyimage.com/104x100.png/dddddd/000000,Chinese
347,Minerva Kristoffersen,1900,719 Old Shore Center,http://dummyimage.com/185x100.png/dddddd/000000,Desserts
348,Felicio Snary,1900,8221 Blue Bill Park Drive,http://dummyimage.com/104x100.png/5fa2dd/ffffff,Continental
349,Clerissa Krochmann,1500,62 Cordelia Way,http://dummyimage.com/172x100.png/5fa2dd/ffffff,Cafe
350,Gabrielle Wrought,1300,41 Cascade Junction,http://dummyimage.com/206x100.png/cc0000/ffffff,North Indian
351,Deeanne Tallant,1500,871 Forest Dale Parkway,http://dummyimage.com/147x100.png/dddddd/000000,Chinese
352,Tomaso Bestiman,700,2 Village Junction,http://dummyimage.com/192x100.png/dddddd/000000,Finger Food
353,Parker Cornall,4000,38 Claremont Center,http://dummyimage.com/239x100.png/cc0000/ffffff,Italian
354,Amabel Wilding,4000,5319 Golf Trail,http://dummyimage.com/183x100.png/dddddd/000000,Mexican
355,Meggie Poat,3000,36 Bluestem Plaza,http://dummyimage.com/189x100.png/ff4444/ffffff,European
356,Galina Betton,1800,5 American Ash Lane,http://dummyimage.com/106x100.png/ff4444/ffffff,Spanish
357,Stacie Jestico,900,04682 Oakridge Plaza,http://dummyimage.com/198x100.png/dddddd/000000,North Indian
358,Marys McPaik,550,57537 Golden Leaf Park,http://dummyimage.com/101x100.png/dddddd/000000,North Indian
359,Thoma Sanpere,1200,364 Petterle Lane,http://dummyimage.com/183x100.png/dddddd/000000,Modern Indian
360,Lola Backshaw,1500,920 Dahle Circle,http://dummyimage.com/207x100.png/5fa2dd/ffffff,North Indian
361,Yoko Gammel,1000,6 Packers Lane,http://dummyimage.com/229x100.png/ff4444/ffffff,Continental
362,Hortensia Chataignier,1200,15084 Weeping Birch Parkway,http://dummyimage.com/222x100.png/cc0000/ffffff,Chinese
363,Lorena Noulton,2000,7312 Kensington Court,http://dummyimage.com/182x100.png/ff4444/ffffff,Continental
364,Fraze Calliss,2000,9883 Mitchell Road,http://dummyimage.com/161x100.png/5fa2dd/ffffff,Mexican
365,Darrell Barton,5000,91982 Vermont Center,http://dummyimage.com/195x100.png/ff4444/ffffff,Burger
366,Dory Dannell,600,64412 Continental Road,http://dummyimage.com/158x100.png/cc0000/ffffff,Italian
367,Erinna Hatwells,1200,4 Moulton Alley,http://dummyimage.com/195x100.png/ff4444/ffffff,Pizza
368,Fidelia Skechley,2000,3 Russell Point,http://dummyimage.com/102x100.png/dddddd/000000,Chinese
369,Cicely Kordes,800,2076 Mayfield Parkway,http://dummyimage.com/244x100.png/5fa2dd/ffffff,American
370,Jolene Wylam,1500,9 Victoria Plaza,http://dummyimage.com/182x100.png/ff4444/ffffff,Indian
371,Francoise Palfery,3000,6 Eagan Center,http://dummyimage.com/241x100.png/5fa2dd/ffffff,Continental
372,Robbie Prenty,800,65820 Del Mar Parkway,http://dummyimage.com/140x100.png/dddddd/000000,European
373,Chickie Meriot,1100,77435 John Wall Circle,http://dummyimage.com/158x100.png/dddddd/000000,Bar Food
374,Willetta Slinger,300,539 Fallview Center,http://dummyimage.com/161x100.png/ff4444/ffffff,Contemporary
375,Ferdinand Mewes,1300,435 Valley Edge Road,http://dummyimage.com/131x100.png/5fa2dd/ffffff,British
376,Nessa McElory,600,028 Roxbury Place,http://dummyimage.com/219x100.png/ff4444/ffffff,North Indian
377,Ruby Sall,600,2188 Nobel Circle,http://dummyimage.com/149x100.png/ff4444/ffffff,Kebab
378,Upton Yesipov,600,731 Dovetail Trail,http://dummyimage.com/228x100.png/ff4444/ffffff,BBQ
379,Spense Nutbean,1300,619 Oriole Street,http://dummyimage.com/104x100.png/cc0000/ffffff,Chinese
380,Janeen Zold,650,88048 Loftsgordon Road,http://dummyimage.com/104x100.png/ff4444/ffffff,Continental
381,Emmalynne Temperley,1000,96504 Arizona Plaza,http://dummyimage.com/216x100.png/5fa2dd/ffffff,Cafe
382,Laurens Walliker,600,685 Maple Wood Circle,http://dummyimage.com/202x100.png/dddddd/000000,Italian
383,Sonny Donoghue,300,403 Elka Place,http://dummyimage.com/196x100.png/dddddd/000000,Mexican
384,Charity Shewan,1500,59698 Leroy Point,http://dummyimage.com/228x100.png/dddddd/000000,Continental
385,Belva Cranny,1200,28 7th Trail,http://dummyimage.com/246x100.png/ff4444/ffffff,Continental
386,Correna Laminman,1400,96 Hermina Terrace,http://dummyimage.com/125x100.png/dddddd/000000,Asian
387,Yorgos Raine,2000,760 American Ash Parkway,http://dummyimage.com/173x100.png/ff4444/ffffff,Pizza
388,Culver Holton,1500,65 Bay Parkway,http://dummyimage.com/233x100.png/cc0000/ffffff,Italian
389,Cindelyn Troctor,2300,6969 Cordelia Hill,http://dummyimage.com/235x100.png/cc0000/ffffff,American
390,Magdaia Gregoretti,1100,3778 Barnett Trail,http://dummyimage.com/114x100.png/5fa2dd/ffffff,Mexican
391,Page Mundow,500,2 Scoville Circle,http://dummyimage.com/224x100.png/cc0000/ffffff,Italian
392,Far Hanrahan,200,40622 Ronald Regan Parkway,http://dummyimage.com/181x100.png/dddddd/000000,Burger
393,Sarena Bordis,1000,9 Towne Circle,http://dummyimage.com/221x100.png/cc0000/ffffff,Salad
394,Vaughan Romanetti,1500,24 Shopko Point,http://dummyimage.com/241x100.png/dddddd/000000,Healthy Food
395,Dinny Bellie,450,677 Arkansas Place,http://dummyimage.com/178x100.png/5fa2dd/ffffff,North Indian
396,Joly Mathew,1600,41164 Drewry Avenue,http://dummyimage.com/242x100.png/dddddd/000000,Continental
397,Lucian Harkin,800,8812 Utah Street,http://dummyimage.com/224x100.png/dddddd/000000,Indian
398,Sandra Nisius,1800,836 Northview Road,http://dummyimage.com/221x100.png/dddddd/000000,Finger Food
399,Lurline Jewes,500,14 Laurel Plaza,http://dummyimage.com/211x100.png/cc0000/ffffff,North Indian
400,Correy Osorio,1000,4930 Bartillon Terrace,http://dummyimage.com/199x100.png/cc0000/ffffff,Asian
401,Toni Toon,450,15959 Northridge Road,http://dummyimage.com/220x100.png/5fa2dd/ffffff,Continental
402,Gae Gosdin,3000,8376 Jenifer Point,http://dummyimage.com/102x100.png/cc0000/ffffff,North Indian
403,Keary Oriel,1000,2083 Eliot Way,http://dummyimage.com/160x100.png/5fa2dd/ffffff,Sushi
404,Doyle Gaskarth,1500,273 Scofield Point,http://dummyimage.com/223x100.png/ff4444/ffffff,Asian
405,Genni Duddell,1100,705 Gina Way,http://dummyimage.com/202x100.png/cc0000/ffffff,Chinese
406,Ricardo Parman,800,149 Anzinger Trail,http://dummyimage.com/174x100.png/dddddd/000000,Italian
407,Janeczka Matyushenko,500,2 Dovetail Road,http://dummyimage.com/143x100.png/ff4444/ffffff,Chinese
408,Jourdain Ledes,2500,9 Di Loreto Alley,http://dummyimage.com/205x100.png/cc0000/ffffff,North Indian
409,Wilfred Sharrocks,300,6146 Atwood Plaza,http://dummyimage.com/100x100.png/ff4444/ffffff,Italian
410,Calvin Tatlowe,3000,68 Ohio Parkway,http://dummyimage.com/143x100.png/5fa2dd/ffffff,North Indian
411,Portie Brocklesby,3300,07319 Milwaukee Court,http://dummyimage.com/100x100.png/ff4444/ffffff,Continental
412,Kacy Smuth,1400,90581 Southridge Trail,http://dummyimage.com/129x100.png/dddddd/000000,Chinese
413,Deeyn MacKay,1800,50571 Dapin Pass,http://dummyimage.com/244x100.png/dddddd/000000,Continental
414,Richmond Whitford,750,08389 Eggendart Plaza,http://dummyimage.com/201x100.png/cc0000/ffffff,Italian
415,Bethanne Jedrzejczyk,1000,259 New Castle Drive,http://dummyimage.com/233x100.png/cc0000/ffffff,Fast Food
416,Chantalle Keefe,600,4 Burning Wood Plaza,http://dummyimage.com/202x100.png/cc0000/ffffff,Salad
417,Brittne Royan,2500,0 Onsgard Pass,http://dummyimage.com/161x100.png/ff4444/ffffff,Desserts
418,Winslow Fanner,600,09 Maryland Court,http://dummyimage.com/176x100.png/5fa2dd/ffffff,Continental
419,Lauralee Gittoes,500,6 Hermina Plaza,http://dummyimage.com/141x100.png/ff4444/ffffff,Mediterranean
420,Fonzie McHugh,800,2 Melody Point,http://dummyimage.com/147x100.png/dddddd/000000,Italian
421,Devondra Adlard,750,17567 American Ash Alley,http://dummyimage.com/193x100.png/cc0000/ffffff,European
422,Melvyn Sharrocks,1200,5 Lillian Terrace,http://dummyimage.com/102x100.png/ff4444/ffffff,Lebanese
423,Gwendolyn Keysall,1800,06763 Troy Lane,http://dummyimage.com/229x100.png/cc0000/ffffff,Salad
424,Alfons Rihanek,1000,7276 Kedzie Lane,http://dummyimage.com/150x100.png/5fa2dd/ffffff,North Indian
425,Kari Jaycock,800,2 Charing Cross Circle,http://dummyimage.com/188x100.png/dddddd/000000,Mexican
426,Alvy Vinden,5000,904 Roth Center,http://dummyimage.com/138x100.png/5fa2dd/ffffff,Italian
427,Karyl MacSporran,1500,40 Mesta Hill,http://dummyimage.com/205x100.png/cc0000/ffffff,North Indian
428,Carolyne Smullen,1800,5 Ruskin Way,http://dummyimage.com/214x100.png/dddddd/000000,Chinese
429,Dicky Leonards,1800,9210 Hollow Ridge Parkway,http://dummyimage.com/228x100.png/cc0000/ffffff,European
430,Astra Stanyard,700,871 Stone Corner Circle,http://dummyimage.com/118x100.png/cc0000/ffffff,Fast Food
431,Gratiana Walrond,1800,8 Parkside Parkway,http://dummyimage.com/145x100.png/cc0000/ffffff,Beverages
432,Chas Thunnercliffe,1800,1933 Judy Parkway,http://dummyimage.com/247x100.png/5fa2dd/ffffff,Desserts
433,Niven Brinded,1800,939 Elmside Hill,http://dummyimage.com/248x100.png/ff4444/ffffff,Juices
434,Anitra McCullouch,900,613 Ridgeway Junction,http://dummyimage.com/193x100.png/dddddd/000000,Pizza
435,Ulrica Maliffe,1500,7998 Fremont Point,http://dummyimage.com/105x100.png/ff4444/ffffff,Fast Food
436,Rad Rumsby,1500,737 Ronald Regan Plaza,http://dummyimage.com/157x100.png/cc0000/ffffff,Modern Indian
437,Alfy Mountfort,800,0 Sunnyside Parkway,http://dummyimage.com/158x100.png/dddddd/000000,Cafe
438,Eadie Clerk,1000,5 Stoughton Crossing,http://dummyimage.com/206x100.png/5fa2dd/ffffff,Italian
439,Arther Labusquiere,1700,56 Welch Junction,http://dummyimage.com/228x100.png/dddddd/000000,American
440,Christi Leng,1600,9941 Walton Street,http://dummyimage.com/103x100.png/ff4444/ffffff,Mexican
441,Christan Peat,1000,0506 Lighthouse Bay Way,http://dummyimage.com/200x100.png/cc0000/ffffff,Tea
442,Antonin Kermitt,350,1 Loeprich Plaza,http://dummyimage.com/216x100.png/cc0000/ffffff,Street Food
443,Jeanna Cust,1300,9 Westport Crossing,http://dummyimage.com/155x100.png/5fa2dd/ffffff,Fast Food
444,Orlando Dorsett,2000,587 Raven Pass,http://dummyimage.com/175x100.png/ff4444/ffffff,North Indian
445,Addie Coleyshaw,700,5 Erie Junction,http://dummyimage.com/131x100.png/dddddd/000000,Mughlai
446,Madalena Ohlsen,550,0627 Laurel Alley,http://dummyimage.com/105x100.png/dddddd/000000,Rolls
447,Aindrea Ullyatt,1000,76210 Buena Vista Crossing,http://dummyimage.com/209x100.png/cc0000/ffffff,Kebab
448,Sergeant Mufford,800,68 Onsgard Trail,http://dummyimage.com/232x100.png/dddddd/000000,Asian
449,Graeme Dresche,1700,286 Valley Edge Crossing,http://dummyimage.com/116x100.png/5fa2dd/ffffff,Burmese
450,Klarrisa Fabler,1200,8 7th Junction,http://dummyimage.com/246x100.png/5fa2dd/ffffff,Cafe
451,Shepperd Bonnor,850,80184 Fremont Terrace,http://dummyimage.com/218x100.png/5fa2dd/ffffff,American
452,Grantham Mc Caghan,250,97 Badeau Parkway,http://dummyimage.com/203x100.png/ff4444/ffffff,European
453,Ag Johanning,3500,79 Nancy Park,http://dummyimage.com/118x100.png/5fa2dd/ffffff,Mexican
454,Chelsie Sawter,1400,0 Knutson Place,http://dummyimage.com/110x100.png/cc0000/ffffff,Burmese
455,Theodosia Fausset,1400,3 Commercial Road,http://dummyimage.com/159x100.png/cc0000/ffffff,Desserts
456,Jehu Attril,1600,344 Main Trail,http://dummyimage.com/201x100.png/5fa2dd/ffffff,Italian
457,Roselle Tureville,500,331 Kings Street,http://dummyimage.com/206x100.png/cc0000/ffffff,North Indian
458,Alfonso Filinkov,400,44509 Grim Circle,http://dummyimage.com/171x100.png/dddddd/000000,Bakery
459,Shanda Ruffli,1600,2228 Katie Court,http://dummyimage.com/232x100.png/ff4444/ffffff,Lebanese
460,Correna Loakes,1400,8 Merrick Way,http://dummyimage.com/112x100.png/ff4444/ffffff,Asian
461,Florance Espina,1300,0329 Dunning Way,http://dummyimage.com/174x100.png/dddddd/000000,Mexican
462,Mylo Schieferstein,600,42259 Bashford Street,http://dummyimage.com/141x100.png/5fa2dd/ffffff,Italian
463,Andre Larrett,750,01966 Sherman Crossing,http://dummyimage.com/220x100.png/5fa2dd/ffffff,North Indian
464,Smith Escot,400,44 Raven Place,http://dummyimage.com/237x100.png/dddddd/000000,Lebanese
465,Zebulen Hackley,1700,10 Hoard Alley,http://dummyimage.com/119x100.png/ff4444/ffffff,Sushi
466,Bonnibelle Grass,350,9 Riverside Street,http://dummyimage.com/163x100.png/5fa2dd/ffffff,Asian
467,Jonas Thornton-Dewhirst,700,775 Mallard Center,http://dummyimage.com/109x100.png/ff4444/ffffff,Modern Indian
468,Alisander MacCallum,400,9344 Independence Plaza,http://dummyimage.com/249x100.png/dddddd/000000,Italian
469,Heath Wescott,200,46 Hudson Street,http://dummyimage.com/194x100.png/5fa2dd/ffffff,Asian
470,Calla Eble,1000,23 Cambridge Hill,http://dummyimage.com/165x100.png/cc0000/ffffff,North Indian
471,Krishnah Meece,4000,94315 Lake View Avenue,http://dummyimage.com/232x100.png/5fa2dd/ffffff,Kebab
472,Dorette MacGilfoyle,1200,1050 Dottie Pass,http://dummyimage.com/241x100.png/cc0000/ffffff,Indian
473,Hortensia Voller,1000,2 Northfield Alley,http://dummyimage.com/144x100.png/ff4444/ffffff,Seafood
474,Marge Nussii,1100,80 Troy Hill,http://dummyimage.com/152x100.png/dddddd/000000,Salad
475,Allegra Dimsdale,1400,35 Loomis Avenue,http://dummyimage.com/121x100.png/cc0000/ffffff,Continental
476,Kevon Farron,2000,9452 Grasskamp Circle,http://dummyimage.com/108x100.png/dddddd/000000,Burger
477,Aline Cansdill,750,35261 Mariners Cove Avenue,http://dummyimage.com/134x100.png/ff4444/ffffff,Desserts
478,Rhodie Birdfield,600,00 Haas Terrace,http://dummyimage.com/151x100.png/ff4444/ffffff,British
479,Domini Olijve,250,33040 Truax Drive,http://dummyimage.com/178x100.png/5fa2dd/ffffff,Italian
480,Perry Erskin,550,44 Springview Trail,http://dummyimage.com/125x100.png/5fa2dd/ffffff,Pizza
481,Salomone Nelhams,400,5680 Michigan Circle,http://dummyimage.com/127x100.png/5fa2dd/ffffff,Salad
482,Garfield Bickerdyke,1200,203 Oneill Pass,http://dummyimage.com/154x100.png/5fa2dd/ffffff,European
483,Roger Brealey,600,163 Colorado Lane,http://dummyimage.com/182x100.png/ff4444/ffffff,Continental
484,Josepha Jakubczyk,1300,83 Comanche Lane,http://dummyimage.com/232x100.png/dddddd/000000,Chinese
485,Marchall Braley,150,602 Moulton Avenue,http://dummyimage.com/159x100.png/ff4444/ffffff,North Indian
486,Huey Cortin,700,36619 Main Pass,http://dummyimage.com/141x100.png/ff4444/ffffff,Italian
487,Moria Theyer,2000,02 Thierer Park,http://dummyimage.com/122x100.png/dddddd/000000,Mexican
488,Valaree Atchly,550,6325 Dovetail Drive,http://dummyimage.com/173x100.png/5fa2dd/ffffff,Cafe
489,Cassondra Madge,1000,8133 Little Fleur Way,http://dummyimage.com/204x100.png/5fa2dd/ffffff,Desserts
490,Olimpia Connolly,650,10208 Cambridge Crossing,http://dummyimage.com/234x100.png/cc0000/ffffff,Bakery
491,Gracie Noon,650,3850 Ludington Hill,http://dummyimage.com/175x100.png/ff4444/ffffff,Italian
492,Matteo Connachan,1500,35 Huxley Park,http://dummyimage.com/167x100.png/ff4444/ffffff,Pizza
493,Collete Coyte,800,193 Stang Parkway,http://dummyimage.com/172x100.png/cc0000/ffffff,Modern Indian
494,Aleece Halford,800,8 Merry Alley,http://dummyimage.com/222x100.png/cc0000/ffffff,North Indian
495,Reinold Itzkowicz,700,94601 Ramsey Place,http://dummyimage.com/191x100.png/ff4444/ffffff,Continental
496,Yalonda Nettles,1900,6 Kings Alley,http://dummyimage.com/102x100.png/dddddd/000000,Chinese
497,Margaretta Benian,1800,881 Corry Drive,http://dummyimage.com/236x100.png/dddddd/000000,Mughlai
498,Clarey Philippard,1300,76 Rieder Trail,http://dummyimage.com/176x100.png/5fa2dd/ffffff,Fast Food
499,Minnie Normaville,1800,9 Mayer Park,http://dummyimage.com/185x100.png/cc0000/ffffff,North Indian
500,Garwin Reavell,1600,82541 Corry Road,http://dummyimage.com/139x100.png/cc0000/ffffff,Chinese
501,Gradey Staneland,700,4 Gateway Terrace,http://dummyimage.com/139x100.png/dddddd/000000,Pizza
502,Rodney Herries,1900,5 Paget Road,http://dummyimage.com/157x100.png/cc0000/ffffff,Modern Indian
503,Koral Reightley,1100,368 High Crossing Center,http://dummyimage.com/209x100.png/dddddd/000000,Asian
504,Jasmina Kores,1600,590 Fuller Way,http://dummyimage.com/173x100.png/cc0000/ffffff,Continental
505,Fayre Rummer,300,9 Macpherson Trail,http://dummyimage.com/135x100.png/ff4444/ffffff,Cafe
506,Charil Vere,1100,3 Forest Run Plaza,http://dummyimage.com/212x100.png/ff4444/ffffff,European
507,Rene Bradburn,2200,2458 Mesta Center,http://dummyimage.com/106x100.png/ff4444/ffffff,Continental
508,Pietra Durkin,1400,0 Canary Plaza,http://dummyimage.com/130x100.png/cc0000/ffffff,Asian
509,Carver McPartling,1000,562 Schurz Avenue,http://dummyimage.com/221x100.png/ff4444/ffffff,North Indian
510,Maxy Norcutt,800,261 Eggendart Trail,http://dummyimage.com/212x100.png/cc0000/ffffff,Mughlai
511,Whitney Hulk,800,45008 Oneill Parkway,http://dummyimage.com/240x100.png/cc0000/ffffff,North Indian
512,Ninon Grazier,1400,02 Dottie Alley,http://dummyimage.com/175x100.png/dddddd/000000,Chinese
513,Pavlov Goodnow,500,95160 8th Junction,http://dummyimage.com/231x100.png/dddddd/000000,Modern Indian
514,Natalie Rockey,1000,88429 Paget Court,http://dummyimage.com/158x100.png/ff4444/ffffff,Continental
515,Jody Denmead,800,6 Tomscot Lane,http://dummyimage.com/164x100.png/dddddd/000000,Mexican
516,Akim Yankishin,800,1 5th Avenue,http://dummyimage.com/219x100.png/5fa2dd/ffffff,American
517,Malvina Raison,1800,223 Springview Parkway,http://dummyimage.com/205x100.png/cc0000/ffffff,Italian
518,Rossy Veevers,1100,874 Schlimgen Street,http://dummyimage.com/229x100.png/cc0000/ffffff,European
519,Boote Agerskow,2000,47 Novick Alley,http://dummyimage.com/192x100.png/dddddd/000000,Mediterranean
520,Lyssa Stolze,600,01 Meadow Ridge Drive,http://dummyimage.com/116x100.png/cc0000/ffffff,Modern Indian
521,Ariella Crasford,700,24340 Briar Crest Court,http://dummyimage.com/203x100.png/dddddd/000000,Continental
522,Minny Simenot,800,33 Park Meadow Lane,http://dummyimage.com/184x100.png/dddddd/000000,Biryani
523,Stuart Garfoot,1200,1 Dexter Court,http://dummyimage.com/194x100.png/ff4444/ffffff,Pizza
524,Kamila Rainsden,1000,6813 Hazelcrest Plaza,http://dummyimage.com/238x100.png/dddddd/000000,Burger
525,Woody Vogel,950,428 South Avenue,http://dummyimage.com/244x100.png/dddddd/000000,Street Food
526,Valentine Azemar,800,687 Schlimgen Point,http://dummyimage.com/217x100.png/5fa2dd/ffffff,Continental
527,Beverly Meekins,900,6 Butterfield Court,http://dummyimage.com/183x100.png/cc0000/ffffff,Finger Food
528,Bethena Lodeke,1200,56451 Texas Trail,http://dummyimage.com/235x100.png/dddddd/000000,Indian
529,Haleigh Tydeman,150,9726 Jay Junction,http://dummyimage.com/235x100.png/ff4444/ffffff,Asian
530,Ericka Issett,250,9877 Coolidge Street,http://dummyimage.com/201x100.png/ff4444/ffffff,Finger Food
531,Terence Davern,500,8511 Logan Parkway,http://dummyimage.com/222x100.png/5fa2dd/ffffff,North Indian
532,Wolfgang Rawlins,1400,35 Service Center,http://dummyimage.com/222x100.png/dddddd/000000,Continental
533,Bartolomeo Tieman,600,7908 Algoma Circle,http://dummyimage.com/250x100.png/dddddd/000000,Indian
534,Evelina Cragg,1300,509 Sutteridge Way,http://dummyimage.com/236x100.png/dddddd/000000,North Indian
535,Lon Cosley,1100,19 Valley Edge Alley,http://dummyimage.com/167x100.png/ff4444/ffffff,Mexican
536,Ranique Urry,1600,07620 Bowman Drive,http://dummyimage.com/167x100.png/dddddd/000000,Italian
537,Adiana Rustman,750,864 Mesta Alley,http://dummyimage.com/172x100.png/ff4444/ffffff,Continental
538,Gage Maudlin,600,14675 Waubesa Center,http://dummyimage.com/145x100.png/5fa2dd/ffffff,Mexican
539,Elana Jepperson,900,23 Elgar Alley,http://dummyimage.com/165x100.png/cc0000/ffffff,Italian
540,Odelia Shapero,1800,540 Mesta Hill,http://dummyimage.com/224x100.png/cc0000/ffffff,North Indian
541,Urbano Freyn,1700,06 Tennyson Drive,http://dummyimage.com/246x100.png/dddddd/000000,Japanese
542,Rosemonde Ravenhills,700,175 Graceland Junction,http://dummyimage.com/123x100.png/dddddd/000000,Asian
543,Britteny Harses,1500,904 Sundown Avenue,http://dummyimage.com/151x100.png/dddddd/000000,Modern Indian
544,Keriann Elsbury,800,22 Miller Pass,http://dummyimage.com/119x100.png/dddddd/000000,Finger Food
545,Gerty Bearn,2000,46158 Steensland Trail,http://dummyimage.com/249x100.png/cc0000/ffffff,Modern Indian
546,Gusty Heape,350,265 Lakewood Gardens Road,http://dummyimage.com/234x100.png/5fa2dd/ffffff,European
547,Goldarina McPhillimey,350,92210 Monterey Circle,http://dummyimage.com/143x100.png/ff4444/ffffff,Pizza
548,Wakefield Mabbot,1900,940 Thompson Pass,http://dummyimage.com/246x100.png/ff4444/ffffff,Sushi
549,Marjie Wyborn,850,2 Grasskamp Point,http://dummyimage.com/205x100.png/cc0000/ffffff,Burger
550,Garek Gindghill,1500,2036 Eastwood Place,http://dummyimage.com/247x100.png/ff4444/ffffff,Grill
551,Aleece Baxandall,1200,84 Oriole Road,http://dummyimage.com/217x100.png/5fa2dd/ffffff,North Indian
552,Sibilla Kapelhoff,800,219 Northwestern Pass,http://dummyimage.com/212x100.png/5fa2dd/ffffff,Chinese
553,Alaric Dran,600,46141 Old Shore Drive,http://dummyimage.com/150x100.png/5fa2dd/ffffff,Thai
554,Leopold Forsyde,2700,8696 Scofield Point,http://dummyimage.com/234x100.png/dddddd/000000,European
555,Wallis Stotherfield,2000,7 Harbort Alley,http://dummyimage.com/219x100.png/dddddd/000000,Desserts
556,Lurline Hackett,400,86483 Chive Park,http://dummyimage.com/155x100.png/dddddd/000000,Bakery
557,Carroll Bruhnsen,400,0 Mallory Junction,http://dummyimage.com/148x100.png/5fa2dd/ffffff,North Indian
558,Kym Pagin,1800,7 Evergreen Court,http://dummyimage.com/101x100.png/5fa2dd/ffffff,Mughlai
559,Gina Di Maria,1200,616 Butternut Lane,http://dummyimage.com/244x100.png/cc0000/ffffff,Biryani
560,Valle Caldroni,550,945 Cascade Drive,http://dummyimage.com/112x100.png/ff4444/ffffff,Seafood
561,Cinderella Twinning,1000,02257 Lerdahl Place,http://dummyimage.com/187x100.png/ff4444/ffffff,European
562,Desiree Freak,700,8273 David Place,http://dummyimage.com/247x100.png/cc0000/ffffff,Italian
563,Jaime Loney,1200,6427 2nd Terrace,http://dummyimage.com/160x100.png/cc0000/ffffff,Burger
564,Jenny Trengove,1600,4 Corry Terrace,http://dummyimage.com/247x100.png/ff4444/ffffff,Salad
565,Shani Dransfield,1250,85 Loeprich Pass,http://dummyimage.com/195x100.png/cc0000/ffffff,Healthy Food
566,Dani Fochs,1000,37 Schiller Junction,http://dummyimage.com/226x100.png/cc0000/ffffff,Bakery
567,Marissa Daingerfield,800,0325 Northfield Terrace,http://dummyimage.com/151x100.png/cc0000/ffffff,Fast Food
568,Tamiko Shrieves,1200,0 Graceland Pass,http://dummyimage.com/132x100.png/cc0000/ffffff,Desserts
569,Amargo Dawtrey,550,9 Melvin Drive,http://dummyimage.com/192x100.png/dddddd/000000,Italian
570,Vonnie Hughman,650,154 Kenwood Pass,http://dummyimage.com/232x100.png/5fa2dd/ffffff,Mexican
571,Lemmie Westphalen,1000,0136 Tony Way,http://dummyimage.com/209x100.png/5fa2dd/ffffff,North Indian
572,Dick Troman,1000,8 Sycamore Drive,http://dummyimage.com/107x100.png/dddddd/000000,Chinese
573,Truda Heugel,1200,602 Buhler Circle,http://dummyimage.com/246x100.png/ff4444/ffffff,Salad
574,Lorilyn Treves,700,12004 Muir Court,http://dummyimage.com/130x100.png/ff4444/ffffff,North Indian
575,Shelia Patrono,6500,72 Aberg Alley,http://dummyimage.com/224x100.png/ff4444/ffffff,Lebanese
576,L;urette Rummer,1600,829 Di Loreto Lane,http://dummyimage.com/109x100.png/5fa2dd/ffffff,Fast Food
577,Bobbi Drover,1000,402 Carey Junction,http://dummyimage.com/171x100.png/5fa2dd/ffffff,Chinese
578,Egan Gull,1200,0370 Forster Pass,http://dummyimage.com/229x100.png/cc0000/ffffff,Rolls
579,Aimee Sinclair,600,09808 Sunfield Drive,http://dummyimage.com/131x100.png/dddddd/000000,Salad
580,Sterne Manders,400,90146 Myrtle Lane,http://dummyimage.com/201x100.png/5fa2dd/ffffff,European
581,Jonas Godain,1500,873 Schiller Court,http://dummyimage.com/147x100.png/dddddd/000000,Mediterranean
582,Tierney Titcumb,1200,715 Green Park,http://dummyimage.com/112x100.png/5fa2dd/ffffff,Italian
583,Carma Dampney,300,34 Gerald Point,http://dummyimage.com/146x100.png/ff4444/ffffff,Desserts
584,Broddie Filkin,1000,3162 Springs Circle,http://dummyimage.com/246x100.png/dddddd/000000,Fast Food
585,Angie Copestick,1200,7 Stuart Circle,http://dummyimage.com/198x100.png/dddddd/000000,North Indian
586,Janaya Mold,350,73976 Porter Circle,http://dummyimage.com/206x100.png/5fa2dd/ffffff,Mughlai
587,Donavon Annetts,1200,6877 Spohn Avenue,http://dummyimage.com/158x100.png/5fa2dd/ffffff,North Indian
588,Keeley Dowbakin,2500,90 Oneill Park,http://dummyimage.com/227x100.png/dddddd/000000,Pakistani
589,Oralla Dericot,2000,748 Claremont Place,http://dummyimage.com/232x100.png/ff4444/ffffff,Bengali
590,Pedro Baly,700,53 South Hill,http://dummyimage.com/123x100.png/5fa2dd/ffffff,Lucknowi
591,Kelila Benford,450,2 Petterle Hill,http://dummyimage.com/213x100.png/ff4444/ffffff,American
592,Sanderson Tettersell,600,7 Comanche Plaza,http://dummyimage.com/236x100.png/5fa2dd/ffffff,Burger
593,Marv Duffil,1800,53 Pierstorff Point,http://dummyimage.com/133x100.png/dddddd/000000,American
594,Lynett Addy,1200,9 Fairfield Hill,http://dummyimage.com/122x100.png/dddddd/000000,Mexican
595,Ashlen Ruos,1000,90849 Morning Crossing,http://dummyimage.com/229x100.png/5fa2dd/ffffff,Burger
596,Sheila Cremer,800,06439 Brentwood Plaza,http://dummyimage.com/135x100.png/ff4444/ffffff,Cafe
597,Flo Beggs,1800,77686 John Wall Hill,http://dummyimage.com/214x100.png/dddddd/000000,Italian
598,Sande Zuanazzi,1800,936 Longview Crossing,http://dummyimage.com/215x100.png/dddddd/000000,American
599,Rani Sylvester,1400,7 Lake View Terrace,http://dummyimage.com/171x100.png/cc0000/ffffff,Fusion
600,Gratiana Hovell,1000,85 Armistice Avenue,http://dummyimage.com/161x100.png/5fa2dd/ffffff,South Indian
601,Tab Storcke,950,0 Fallview Road,http://dummyimage.com/224x100.png/dddddd/000000,Continental
602,Antony Cracie,1800,4789 Johnson Parkway,http://dummyimage.com/248x100.png/cc0000/ffffff,Italian
603,Ronald Alastair,1600,19673 Gulseth Hill,http://dummyimage.com/235x100.png/cc0000/ffffff,American
604,Lorettalorna Langlais,2500,2 West Lane,http://dummyimage.com/148x100.png/dddddd/000000,Salad
605,Morey Tortice,1000,3 Gina Alley,http://dummyimage.com/165x100.png/5fa2dd/ffffff,North Indian
606,Alec Divisek,2000,93042 Nova Hill,http://dummyimage.com/224x100.png/dddddd/000000,Chinese
607,Scott Swalteridge,600,62 Sullivan Road,http://dummyimage.com/249x100.png/cc0000/ffffff,Continental
608,Selia Phlippi,1500,11 Pankratz Alley,http://dummyimage.com/129x100.png/5fa2dd/ffffff,Parsi
609,Marcille Howitt,1200,31216 Pawling Junction,http://dummyimage.com/107x100.png/ff4444/ffffff,Bakery
610,Dannel Brahms,1200,3 Oxford Drive,http://dummyimage.com/196x100.png/5fa2dd/ffffff,American
611,Thedrick O'Tierney,1100,777 Havey Avenue,http://dummyimage.com/102x100.png/dddddd/000000,Lebanese
612,Luther Grossman,800,4 Ilene Crossing,http://dummyimage.com/250x100.png/dddddd/000000,Italian
613,Lurette Goom,1600,43414 Anderson Circle,http://dummyimage.com/248x100.png/dddddd/000000,Salad
614,Osbourne Adanez,2100,895 Tomscot Lane,http://dummyimage.com/230x100.png/ff4444/ffffff,Continental
615,Belicia Archer,650,7 Rockefeller Plaza,http://dummyimage.com/190x100.png/ff4444/ffffff,Asian
616,Neville Braidwood,1700,5925 Hazelcrest Junction,http://dummyimage.com/209x100.png/cc0000/ffffff,North Indian
617,Fredrika Kyncl,850,85504 Arapahoe Street,http://dummyimage.com/201x100.png/5fa2dd/ffffff,Continental
618,Northrop Bleesing,1000,28407 Iowa Way,http://dummyimage.com/112x100.png/ff4444/ffffff,Goan
619,Chevalier Ridgley,1900,4590 Forest Dale Park,http://dummyimage.com/118x100.png/5fa2dd/ffffff,North Indian
620,Sylas Stainbridge,300,9 Meadow Valley Terrace,http://dummyimage.com/231x100.png/ff4444/ffffff,Cafe
621,Katharina De la Perrelle,650,15 Sage Terrace,http://dummyimage.com/212x100.png/dddddd/000000,Salad
622,Arni Walcher,1200,224 Eastwood Alley,http://dummyimage.com/208x100.png/ff4444/ffffff,European
623,Noe Woloschinski,4500,89391 Di Loreto Lane,http://dummyimage.com/101x100.png/cc0000/ffffff,Italian
624,Shaylynn Gwyther,700,65472 Debra Road,http://dummyimage.com/231x100.png/dddddd/000000,European
625,Hollie Hilldrup,400,135 Maryland Lane,http://dummyimage.com/250x100.png/5fa2dd/ffffff,Continental
626,Wakefield Beeden,1200,35 Westridge Center,http://dummyimage.com/213x100.png/dddddd/000000,Italian
627,Kendra Fenning,300,9605 5th Court,http://dummyimage.com/209x100.png/ff4444/ffffff,Mexican
628,Prissie Fessler,650,53626 Westend Trail,http://dummyimage.com/137x100.png/dddddd/000000,Spanish
629,Ag ducarme,650,962 Old Gate Center,http://dummyimage.com/236x100.png/ff4444/ffffff,Italian
630,Alfie O'Bradden,400,1 Old Gate Parkway,http://dummyimage.com/108x100.png/dddddd/000000,Lebanese
631,Sol MacBean,200,4157 Commercial Hill,http://dummyimage.com/232x100.png/cc0000/ffffff,American
632,Isaac Amort,1500,95207 Tennessee Pass,http://dummyimage.com/170x100.png/dddddd/000000,Moroccan
633,Justinn Eyton,1000,60 Lindbergh Park,http://dummyimage.com/215x100.png/cc0000/ffffff,Asian
634,Ricoriki Ferries,1100,461 Pleasure Lane,http://dummyimage.com/234x100.png/ff4444/ffffff,Italian
635,Andras De Simoni,700,55007 Logan Lane,http://dummyimage.com/104x100.png/cc0000/ffffff,Continental
636,Jedidiah MacDonald,800,10 Crest Line Point,http://dummyimage.com/110x100.png/dddddd/000000,Juices
637,Reba Ivery,1200,2501 Armistice Road,http://dummyimage.com/211x100.png/ff4444/ffffff,Mughlai
638,Yank Shurey,700,08844 Hooker Hill,http://dummyimage.com/233x100.png/ff4444/ffffff,North Indian
639,Annalise Fearnall,800,86266 Steensland Crossing,http://dummyimage.com/167x100.png/cc0000/ffffff,Chinese
640,Carissa Gillford,1200,05100 Carioca Crossing,http://dummyimage.com/149x100.png/ff4444/ffffff,Asian
641,Alana Ede,1150,775 Warner Center,http://dummyimage.com/186x100.png/5fa2dd/ffffff,Pizza
642,Merrel Cawthery,450,01229 Burrows Street,http://dummyimage.com/102x100.png/5fa2dd/ffffff,European
643,Chloe Ekins,1200,95409 Farmco Way,http://dummyimage.com/172x100.png/5fa2dd/ffffff,American
644,Philippa Durling,1650,26910 Sutherland Lane,http://dummyimage.com/145x100.png/ff4444/ffffff,BBQ
645,Ilsa Edwicker,1200,6 Granby Circle,http://dummyimage.com/220x100.png/cc0000/ffffff,Burger
646,Ulrica Towl,1400,65510 Duke Junction,http://dummyimage.com/234x100.png/ff4444/ffffff,Continental
647,Rooney Kupke,1100,9572 Derek Avenue,http://dummyimage.com/226x100.png/5fa2dd/ffffff,Fusion
648,Sauncho Rivel,1000,282 Montana Court,http://dummyimage.com/212x100.png/5fa2dd/ffffff,Soul Food
649,Red Sloper,600,3 Colorado Road,http://dummyimage.com/172x100.png/5fa2dd/ffffff,Bakery
650,Gregoor Roelofsen,350,8729 East Crossing,http://dummyimage.com/222x100.png/ff4444/ffffff,Chinese
651,Floria Heeps,1200,5 Mifflin Parkway,http://dummyimage.com/118x100.png/5fa2dd/ffffff,North Indian
652,Quentin Eickhoff,200,9 Carey Place,http://dummyimage.com/241x100.png/dddddd/000000,Continental
653,Rozanna Chesshyre,200,2 Starling Avenue,http://dummyimage.com/172x100.png/5fa2dd/ffffff,Italian
654,Jard Pietranek,1200,0 Canary Hill,http://dummyimage.com/244x100.png/5fa2dd/ffffff,Finger Food
655,Kirstin Corington,2600,01651 Monterey Hill,http://dummyimage.com/131x100.png/5fa2dd/ffffff,Continental
656,Justus Kneesha,800,78 Colorado Lane,http://dummyimage.com/168x100.png/dddddd/000000,Italian
657,Cherilynn Bartlosz,500,1 Village Road,http://dummyimage.com/227x100.png/5fa2dd/ffffff,Pizza
658,Christi Cable,1250,47041 Waxwing Terrace,http://dummyimage.com/126x100.png/5fa2dd/ffffff,Chinese
659,Waverley McGinlay,700,68 Manley Trail,http://dummyimage.com/133x100.png/5fa2dd/ffffff,North Indian
660,Justina Nys,900,82 Linden Park,http://dummyimage.com/166x100.png/5fa2dd/ffffff,Continental
661,Leo Kondratenya,2100,46 Haas Hill,http://dummyimage.com/197x100.png/ff4444/ffffff,Seafood
662,Isa Edeler,2200,98 Talisman Terrace,http://dummyimage.com/156x100.png/5fa2dd/ffffff,Salad
663,Hilarius Durward,900,235 Atwood Lane,http://dummyimage.com/215x100.png/5fa2dd/ffffff,North Indian
664,Charisse Lichfield,900,640 Hoard Plaza,http://dummyimage.com/166x100.png/dddddd/000000,South Indian
665,Emile Jachimiak,2500,24 Arizona Terrace,http://dummyimage.com/145x100.png/dddddd/000000,Continental
666,Lombard Clurow,400,34402 Fair Oaks Street,http://dummyimage.com/227x100.png/cc0000/ffffff,Italian
667,Erhard Humes,500,16584 Becker Drive,http://dummyimage.com/239x100.png/5fa2dd/ffffff,Mexican
668,Burk Gatcliff,600,247 Quincy Pass,http://dummyimage.com/177x100.png/cc0000/ffffff,Desserts
669,Othella Langridge,600,44286 Ryan Lane,http://dummyimage.com/154x100.png/cc0000/ffffff,Bakery
670,Aurelia Reynard,500,74 Lotheville Road,http://dummyimage.com/188x100.png/cc0000/ffffff,Continental
671,Rosy Caplis,1000,87 Lakeland Road,http://dummyimage.com/162x100.png/cc0000/ffffff,Malaysian
672,Abdul Ledster,1200,23 Crowley Place,http://dummyimage.com/176x100.png/ff4444/ffffff,Chinese
673,Berky Windley,300,18450 Lyons Terrace,http://dummyimage.com/210x100.png/5fa2dd/ffffff,North Indian
674,Tedmund Kitteman,1500,48 Prairieview Crossing,http://dummyimage.com/152x100.png/ff4444/ffffff,Asian
675,Adham Gonnin,1500,20 Rowland Road,http://dummyimage.com/193x100.png/cc0000/ffffff,Mexican
676,Emalee Daen,900,4 Annamark Lane,http://dummyimage.com/230x100.png/5fa2dd/ffffff,American
677,Pembroke Peplow,350,66036 Cascade Parkway,http://dummyimage.com/197x100.png/dddddd/000000,Modern Indian
678,Gherardo Wadeson,1250,029 Dovetail Court,http://dummyimage.com/192x100.png/5fa2dd/ffffff,Italian
679,Stanleigh Gallafant,2000,5647 Evergreen Avenue,http://dummyimage.com/195x100.png/cc0000/ffffff,Continental
680,Oralie Corley,400,138 Sugar Center,http://dummyimage.com/120x100.png/cc0000/ffffff,South Indian
681,Angelina Anyon,2000,89865 Golf Course Center,http://dummyimage.com/207x100.png/ff4444/ffffff,European
682,Bessie Blaszczyk,1000,9089 Jenifer Parkway,http://dummyimage.com/186x100.png/ff4444/ffffff,Finger Food
683,Emanuel Jacqueminot,650,207 Parkside Junction,http://dummyimage.com/180x100.png/ff4444/ffffff,Continental
684,Clair Shelley,650,193 Gateway Avenue,http://dummyimage.com/138x100.png/ff4444/ffffff,Desserts
685,Gene Cosgrive,4000,36 Arapahoe Hill,http://dummyimage.com/136x100.png/cc0000/ffffff,North Indian
686,Stephanus Sprigin,1000,090 Menomonie Way,http://dummyimage.com/133x100.png/cc0000/ffffff,South Indian
687,Foss Rysom,3500,72819 Swallow Avenue,http://dummyimage.com/233x100.png/dddddd/000000,Street Food
688,Thekla Brandes,700,6 Brickson Park Park,http://dummyimage.com/138x100.png/cc0000/ffffff,Cafe
689,Terrill Messingham,700,6 Rowland Avenue,http://dummyimage.com/165x100.png/5fa2dd/ffffff,Healthy Food
690,Deloris Meneer,700,30 Anzinger Street,http://dummyimage.com/174x100.png/ff4444/ffffff,Beverages
691,Regan Stelle,700,165 East Court,http://dummyimage.com/189x100.png/dddddd/000000,Salad
692,Gillian Wigan,700,9552 Larry Drive,http://dummyimage.com/171x100.png/dddddd/000000,Chinese
693,Hester Erdes,700,5134 Laurel Junction,http://dummyimage.com/225x100.png/5fa2dd/ffffff,Thai
694,Penelopa Goodreid,1500,605 Comanche Junction,http://dummyimage.com/197x100.png/ff4444/ffffff,Japanese
695,Toinette Hathorn,300,0923 Becker Road,http://dummyimage.com/200x100.png/ff4444/ffffff,Asian
696,Kally Sail,750,57401 Erie Drive,http://dummyimage.com/188x100.png/5fa2dd/ffffff,Sushi
697,Kristina Keene,1300,18478 Michigan Drive,http://dummyimage.com/241x100.png/dddddd/000000,Seafood
698,Melicent Deighan,750,24035 Commercial Court,http://dummyimage.com/145x100.png/dddddd/000000,North Indian
699,Jorgan Twitty,400,3787 Mesta Alley,http://dummyimage.com/203x100.png/5fa2dd/ffffff,Mediterranean
700,Xylina Arnoldi,800,6524 Walton Place,http://dummyimage.com/125x100.png/cc0000/ffffff,Mughlai
701,Jenna Fairnie,500,86194 Lukken Pass,http://dummyimage.com/226x100.png/cc0000/ffffff,Italian
702,Karina MacColl,350,5 Eastlawn Point,http://dummyimage.com/137x100.png/cc0000/ffffff,Fast Food
703,Marin Scott,500,0 Moose Circle,http://dummyimage.com/107x100.png/dddddd/000000,Juices
704,Nial Calderhead,1100,73143 Melvin Park,http://dummyimage.com/183x100.png/5fa2dd/ffffff,Healthy Food
705,Husein Dulanty,1100,4 Rockefeller Avenue,http://dummyimage.com/224x100.png/ff4444/ffffff,Beverages
706,Ring Grier,800,3614 Lillian Center,http://dummyimage.com/135x100.png/ff4444/ffffff,Pizza
707,Elvira Djurkovic,800,933 Sunnyside Hill,http://dummyimage.com/193x100.png/ff4444/ffffff,Salad
708,Clarice Holdren,1300,392 Eliot Avenue,http://dummyimage.com/249x100.png/cc0000/ffffff,French
709,Katerina Szymon,900,743 Stang Court,http://dummyimage.com/161x100.png/dddddd/000000,Continental
710,Atlante Wintle,550,5 Mccormick Plaza,http://dummyimage.com/157x100.png/cc0000/ffffff,Italian
711,Karisa Heggie,350,364 Bluestem Parkway,http://dummyimage.com/100x100.png/5fa2dd/ffffff,Chinese
712,Tracie Perigoe,400,65 Vermont Place,http://dummyimage.com/108x100.png/dddddd/000000,Modern Indian
713,Nathaniel Jimmes,1000,527 American Ash Plaza,http://dummyimage.com/160x100.png/ff4444/ffffff,Finger Food
714,Ginnifer Edon,550,4582 Comanche Road,http://dummyimage.com/126x100.png/dddddd/000000,Mediterranean
715,Brande O' Mulderrig,1200,9 High Crossing Avenue,http://dummyimage.com/179x100.png/ff4444/ffffff,Seafood
716,Bertine Hubery,550,344 Bowman Junction,http://dummyimage.com/105x100.png/cc0000/ffffff,Desserts
717,Job Caukill,1000,275 Division Hill,http://dummyimage.com/187x100.png/5fa2dd/ffffff,European
718,Ignacio Durante,1200,01462 Eagle Crest Way,http://dummyimage.com/247x100.png/cc0000/ffffff,Italian
719,Adela Brigginshaw,850,30044 Anthes Plaza,http://dummyimage.com/234x100.png/5fa2dd/ffffff,Continental
720,Shelley Ritter,1700,3 Scoville Road,http://dummyimage.com/213x100.png/ff4444/ffffff,Mexican
721,Kean McTear,1000,95 Randy Point,http://dummyimage.com/201x100.png/5fa2dd/ffffff,Indian
722,Lynnett Palluschek,1000,27 Jenna Terrace,http://dummyimage.com/187x100.png/5fa2dd/ffffff,Chinese
723,Beverlie Fateley,1000,4009 Grayhawk Parkway,http://dummyimage.com/126x100.png/dddddd/000000,Continental
724,Goldi Labern,500,96160 Cardinal Junction,http://dummyimage.com/190x100.png/cc0000/ffffff,Italian
725,Christa Burchatt,3000,9180 Morningstar Terrace,http://dummyimage.com/151x100.png/ff4444/ffffff,Italian
726,Adey Fleckney,500,2267 Spenser Street,http://dummyimage.com/163x100.png/dddddd/000000,Pizza
727,Maddy Ogles,700,030 1st Lane,http://dummyimage.com/131x100.png/cc0000/ffffff,Healthy Food
728,Pete Nolton,350,90081 Springs Crossing,http://dummyimage.com/219x100.png/dddddd/000000,Cafe
729,Poppy Camm,800,58 Tennessee Plaza,http://dummyimage.com/244x100.png/ff4444/ffffff,Salad
730,Raeann Linskill,1000,3428 Lawn Parkway,http://dummyimage.com/137x100.png/ff4444/ffffff,North Indian
731,Dag Howett,650,7287 Porter Point,http://dummyimage.com/249x100.png/cc0000/ffffff,Continental
732,Darby Renvoise,500,96 Gerald Street,http://dummyimage.com/236x100.png/dddddd/000000,Italian
733,Alaine Belshaw,300,60974 Butterfield Way,http://dummyimage.com/169x100.png/ff4444/ffffff,Italian
734,Ingmar Stuckford,300,5 Kenwood Alley,http://dummyimage.com/232x100.png/5fa2dd/ffffff,Continental
735,Allissa Lancetter,1400,6 Schlimgen Crossing,http://dummyimage.com/153x100.png/ff4444/ffffff,Mughlai
736,Monica Greenrodd,200,90 Debs Park,http://dummyimage.com/213x100.png/ff4444/ffffff,Awadhi
737,Palmer Chatan,1000,524 Maryland Parkway,http://dummyimage.com/115x100.png/ff4444/ffffff,North Indian
738,Brier Seys,1000,581 Raven Park,http://dummyimage.com/239x100.png/dddddd/000000,Chinese
739,Jeni O'Looney,1500,04725 Warbler Alley,http://dummyimage.com/101x100.png/dddddd/000000,Continental
740,Janine Filipychev,600,845 Briar Crest Point,http://dummyimage.com/128x100.png/5fa2dd/ffffff,German
741,Kippie Flaverty,1400,620 Portage Drive,http://dummyimage.com/120x100.png/cc0000/ffffff,European
742,Odelle Wormell,300,42002 Birchwood Crossing,http://dummyimage.com/200x100.png/5fa2dd/ffffff,Continental
743,Ettie Provost,1300,701 4th Lane,http://dummyimage.com/101x100.png/5fa2dd/ffffff,Burger
744,Joceline Badam,300,4280 Farmco Junction,http://dummyimage.com/122x100.png/cc0000/ffffff,North Indian
745,Manya Graves,700,4085 Marquette Court,http://dummyimage.com/144x100.png/dddddd/000000,Chinese
746,Chic Crandon,450,515 Corry Street,http://dummyimage.com/223x100.png/5fa2dd/ffffff,Mughlai
747,Terrell Reihill,800,73 Johnson Pass,http://dummyimage.com/188x100.png/5fa2dd/ffffff,Seafood
748,Adora Gratrix,650,6672 Glacier Hill Point,http://dummyimage.com/219x100.png/5fa2dd/ffffff,Healthy Food
749,Liuka Gann,1150,24162 7th Street,http://dummyimage.com/153x100.png/5fa2dd/ffffff,American
750,Kaye Capponeer,1500,59 Talmadge Lane,http://dummyimage.com/250x100.png/5fa2dd/ffffff,Burger
751,Raymund Sopper,800,51 Troy Drive,http://dummyimage.com/141x100.png/cc0000/ffffff,Salad
752,Velma Trematick,6500,80600 Morrow Terrace,http://dummyimage.com/127x100.png/cc0000/ffffff,Fast Food
753,Loren Eccleston,4500,20 4th Street,http://dummyimage.com/128x100.png/cc0000/ffffff,Desserts
754,Benedicto Tatlowe,300,8 Fallview Point,http://dummyimage.com/156x100.png/dddddd/000000,Bakery
755,Gayelord Lardner,1500,07936 Cody Terrace,http://dummyimage.com/245x100.png/5fa2dd/ffffff,Desserts
756,Ophelia Blucher,1550,739 Dixon Point,http://dummyimage.com/172x100.png/dddddd/000000,Bakery
757,Hanna Goodger,500,3 Forest Junction,http://dummyimage.com/234x100.png/5fa2dd/ffffff,Desserts
758,Marjorie Syplus,600,05824 Judy Way,http://dummyimage.com/184x100.png/ff4444/ffffff,Bakery
759,Rhody Barrick,700,5 Caliangt Point,http://dummyimage.com/207x100.png/5fa2dd/ffffff,North Indian
760,Berton Shinton,1000,941 Debs Circle,http://dummyimage.com/122x100.png/dddddd/000000,Mughlai
761,Cynthy Empringham,850,548 6th Alley,http://dummyimage.com/108x100.png/dddddd/000000,Biryani
762,Brad Lionel,650,989 Magdeline Hill,http://dummyimage.com/106x100.png/cc0000/ffffff,Seafood
763,Rheba Eldred,1000,948 Maple Wood Plaza,http://dummyimage.com/112x100.png/dddddd/000000,North Indian
764,Gabe Torbeck,1200,4 Blue Bill Park Center,http://dummyimage.com/113x100.png/ff4444/ffffff,Mughlai
765,Orelee Hruska,750,3 Eggendart Alley,http://dummyimage.com/212x100.png/cc0000/ffffff,Biryani
766,Merrel Benge,1200,37350 Trailsway Street,http://dummyimage.com/186x100.png/cc0000/ffffff,Seafood
767,Janaye Loiterton,800,5969 Hoffman Plaza,http://dummyimage.com/151x100.png/cc0000/ffffff,North Indian
768,Fons Tommasetti,750,2606 Armistice Park,http://dummyimage.com/119x100.png/cc0000/ffffff,Mughlai
769,Rickert M'Barron,700,80 Kings Point,http://dummyimage.com/167x100.png/cc0000/ffffff,Biryani
770,Emmet Roslen,600,4 Mandrake Place,http://dummyimage.com/228x100.png/5fa2dd/ffffff,Seafood
771,Arleta Mepsted,500,828 Forest Dale Park,http://dummyimage.com/228x100.png/cc0000/ffffff,North Indian
772,Aurlie Bertolaccini,700,49422 School Court,http://dummyimage.com/118x100.png/dddddd/000000,Mughlai
773,Brendis Ell,500,41 Logan Alley,http://dummyimage.com/190x100.png/5fa2dd/ffffff,Biryani
774,Rey Battle,200,7494 Pine View Circle,http://dummyimage.com/167x100.png/ff4444/ffffff,Seafood
775,Dot Gale,4000,38290 Wayridge Center,http://dummyimage.com/109x100.png/ff4444/ffffff,North Indian
776,Wood Huxham,600,4403 Division Point,http://dummyimage.com/110x100.png/5fa2dd/ffffff,Mughlai
777,Welsh Wordesworth,500,81928 Hintze Center,http://dummyimage.com/214x100.png/cc0000/ffffff,Biryani
778,Caitlin Rangeley,700,17310 Macpherson Circle,http://dummyimage.com/202x100.png/5fa2dd/ffffff,Seafood
779,Hattie Vickar,600,73 Ludington Junction,http://dummyimage.com/181x100.png/ff4444/ffffff,North Indian
780,Minne Wakefield,1200,0882 Vahlen Plaza,http://dummyimage.com/187x100.png/5fa2dd/ffffff,Mughlai
781,Monro Desouza,700,7 Brentwood Parkway,http://dummyimage.com/241x100.png/cc0000/ffffff,Biryani
782,Robena Shuttell,1000,27176 Buhler Circle,http://dummyimage.com/132x100.png/cc0000/ffffff,Seafood
783,Charlean Jillions,350,488 Park Meadow Point,http://dummyimage.com/190x100.png/5fa2dd/ffffff,North Indian
784,Sheelagh Cahalin,700,84 Muir Trail,http://dummyimage.com/209x100.png/dddddd/000000,Seafood
785,Aarika Blezard,700,60 Mitchell Place,http://dummyimage.com/182x100.png/ff4444/ffffff,Biryani
786,Kevyn Phillipp,600,555 La Follette Park,http://dummyimage.com/146x100.png/cc0000/ffffff,Beverages
787,Zane Losbie,400,321 Valley Edge Alley,http://dummyimage.com/126x100.png/dddddd/000000,North Indian
788,Hieronymus Boustead,1400,5450 Prentice Center,http://dummyimage.com/137x100.png/5fa2dd/ffffff,Chinese
789,Arvie Coger,300,036 Hoepker Circle,http://dummyimage.com/220x100.png/cc0000/ffffff,Mughlai
790,Jamie Castrillo,500,68232 Namekagon Park,http://dummyimage.com/235x100.png/5fa2dd/ffffff,Thai
791,Hank Soppeth,900,6260 Cambridge Point,http://dummyimage.com/168x100.png/cc0000/ffffff,Cafe
792,Marcus Espinel,1100,4201 Mallory Center,http://dummyimage.com/181x100.png/ff4444/ffffff,Italian
793,Christa Juris,750,1 Westridge Plaza,http://dummyimage.com/201x100.png/5fa2dd/ffffff,Chinese
794,Ricki Pettit,300,38031 Dottie Crossing,http://dummyimage.com/143x100.png/ff4444/ffffff,Continental
795,Baldwin O'Cooney,500,0652 Swallow Point,http://dummyimage.com/237x100.png/dddddd/000000,Continental
796,Steffi Gerraty,400,364 Little Fleur Way,http://dummyimage.com/164x100.png/cc0000/ffffff,Italian
797,Clayton Martello,500,80318 Meadow Ridge Avenue,http://dummyimage.com/118x100.png/ff4444/ffffff,Finger Food
798,Woody Jansson,600,0486 Farwell Plaza,http://dummyimage.com/153x100.png/ff4444/ffffff,European
799,Beryl Jurkowski,600,24 Muir Drive,http://dummyimage.com/176x100.png/cc0000/ffffff,Salad
800,Conn MacAllester,1800,6 Sunfield Road,http://dummyimage.com/131x100.png/cc0000/ffffff,Mexican
801,Minne Prendeville,1000,62 Loeprich Plaza,http://dummyimage.com/123x100.png/5fa2dd/ffffff,Italian
802,Alexei Dimsdale,4500,5 Sloan Alley,http://dummyimage.com/144x100.png/dddddd/000000,Continental
803,Milo Rutt,5500,87 Shopko Point,http://dummyimage.com/149x100.png/dddddd/000000,Salad
804,Nick Kingaby,500,6145 Eagle Crest Parkway,http://dummyimage.com/234x100.png/5fa2dd/ffffff,Healthy Food
805,Karalynn Jellett,1000,1 Caliangt Avenue,http://dummyimage.com/195x100.png/dddddd/000000,North Indian
806,Robbin Mandel,850,313 Pankratz Park,http://dummyimage.com/151x100.png/dddddd/000000,Continental
807,Stephie Winram,1100,97418 Manufacturers Place,http://dummyimage.com/170x100.png/cc0000/ffffff,Asian
808,Joane Haughton,150,837 Kipling Center,http://dummyimage.com/117x100.png/cc0000/ffffff,Mughlai
809,Cloe Hudleston,400,50 Sommers Hill,http://dummyimage.com/147x100.png/cc0000/ffffff,North Indian
810,Sammy Yoell,800,8043 Magdeline Point,http://dummyimage.com/136x100.png/cc0000/ffffff,Italian
811,Vanessa Koop,950,1547 Shelley Road,http://dummyimage.com/216x100.png/5fa2dd/ffffff,Continental
812,Roberto Kuhne,2500,039 Dorton Place,http://dummyimage.com/126x100.png/ff4444/ffffff,Mexican
813,Peggy Lodwick,550,8 Nancy Drive,http://dummyimage.com/234x100.png/ff4444/ffffff,Desserts
814,Ki Calderwood,500,99868 Linden Parkway,http://dummyimage.com/193x100.png/cc0000/ffffff,Ice Cream
815,Rosaline Bratcher,500,60 Bunker Hill Center,http://dummyimage.com/179x100.png/dddddd/000000,Fast Food
816,Colline Hardy,1500,456 Anthes Plaza,http://dummyimage.com/239x100.png/cc0000/ffffff,Thai
817,Adrianna Fellowes,1200,452 Morning Lane,http://dummyimage.com/186x100.png/cc0000/ffffff,Chinese
818,Thatch Avramchik,1800,309 Annamark Parkway,http://dummyimage.com/187x100.png/5fa2dd/ffffff,North Indian
819,Garek Willmott,300,7 Lunder Terrace,http://dummyimage.com/114x100.png/cc0000/ffffff,Mexican
820,Taber Amerighi,1300,6549 Union Terrace,http://dummyimage.com/139x100.png/dddddd/000000,Italian
821,Susannah Drains,1400,4568 Lyons Alley,http://dummyimage.com/229x100.png/dddddd/000000,Asian
822,Adria Chipping,500,251 Harbort Lane,http://dummyimage.com/250x100.png/dddddd/000000,European
823,Eleanora Simecek,1800,14 Chinook Junction,http://dummyimage.com/117x100.png/cc0000/ffffff,Mexican
824,Alexandros Davidsohn,400,25 Buena Vista Lane,http://dummyimage.com/172x100.png/dddddd/000000,Continental
825,Maxi Tethcote,1200,3022 Hazelcrest Way,http://dummyimage.com/237x100.png/ff4444/ffffff,American
826,Madeleine Engelmann,450,5 Hermina Alley,http://dummyimage.com/116x100.png/cc0000/ffffff,Asian
827,Hulda Budgeon,400,49 Stang Point,http://dummyimage.com/174x100.png/ff4444/ffffff,Sushi
828,Agathe Suddock,550,1128 Lotheville Plaza,http://dummyimage.com/107x100.png/dddddd/000000,North Indian
829,Rogerio Durdy,400,885 Nevada Terrace,http://dummyimage.com/117x100.png/5fa2dd/ffffff,Chinese
830,Alexandros Pellett,1000,46619 Kennedy Way,http://dummyimage.com/141x100.png/dddddd/000000,Thai
831,Pren Marham,550,67365 Waywood Crossing,http://dummyimage.com/223x100.png/cc0000/ffffff,North Indian
832,Neils Lethlay,400,65 Brentwood Road,http://dummyimage.com/203x100.png/dddddd/000000,Italian
833,Wayland Blackway,700,04886 Vernon Alley,http://dummyimage.com/221x100.png/cc0000/ffffff,American
834,Amata Christensen,600,61 Calypso Park,http://dummyimage.com/200x100.png/5fa2dd/ffffff,Salad
835,Darrin Mitchenson,300,15929 Vernon Parkway,http://dummyimage.com/128x100.png/ff4444/ffffff,Desserts
836,Kathleen Pyrton,650,88 Carberry Hill,http://dummyimage.com/117x100.png/ff4444/ffffff,Continental
837,Huey Mueller,1000,1 Derek Way,http://dummyimage.com/148x100.png/ff4444/ffffff,Italian
838,Rickie Gooden,700,6 Southridge Road,http://dummyimage.com/162x100.png/dddddd/000000,Finger Food
839,Alla Fone,300,79543 Hagan Junction,http://dummyimage.com/192x100.png/ff4444/ffffff,North Indian
840,Noami Livesley,650,6297 Menomonie Hill,http://dummyimage.com/191x100.png/ff4444/ffffff,Kebab
841,Octavius Godfroy,550,25 Stang Parkway,http://dummyimage.com/101x100.png/5fa2dd/ffffff,BBQ
842,Tedman Bailiss,750,15 New Castle Terrace,http://dummyimage.com/116x100.png/dddddd/000000,Chinese
843,Isa Longmead,6500,74 Birchwood Drive,http://dummyimage.com/148x100.png/ff4444/ffffff,Continental
844,Flora Cammis,5500,03529 Green Center,http://dummyimage.com/179x100.png/cc0000/ffffff,Asian
845,Winnie Domengue,3500,90 Farragut Way,http://dummyimage.com/226x100.png/cc0000/ffffff,Finger Food
846,Rebekkah Ellwood,10000,86208 Jenifer Park,http://dummyimage.com/152x100.png/5fa2dd/ffffff,North Indian
847,Reginauld Hartill,700,119 Debs Road,http://dummyimage.com/192x100.png/dddddd/000000,Continental
848,Katharina Brockton,1500,614 Hermina Junction,http://dummyimage.com/222x100.png/5fa2dd/ffffff,Italian
849,Lambert Roffey,5000,04142 Fisk Plaza,http://dummyimage.com/108x100.png/cc0000/ffffff,Pizza
850,Albert Christescu,2500,5155 4th Terrace,http://dummyimage.com/193x100.png/cc0000/ffffff,Burger
851,Ania Vannacci,3000,67 Bowman Lane,http://dummyimage.com/196x100.png/ff4444/ffffff,Bakery
852,Mada Dachey,100,61407 American Point,http://dummyimage.com/171x100.png/5fa2dd/ffffff,Desserts
853,Marilyn Ivens,650,5 Bartelt Hill,http://dummyimage.com/111x100.png/dddddd/000000,Parsi
854,Ryann Pirdy,300,884 Ruskin Plaza,http://dummyimage.com/214x100.png/ff4444/ffffff,Lebanese
855,Joya Bucknell,400,7 2nd Way,http://dummyimage.com/233x100.png/cc0000/ffffff,Continental
856,Larine Pitcock,700,3 Badeau Street,http://dummyimage.com/172x100.png/ff4444/ffffff,Mexican
857,Bertha Cadigan,1000,19653 Washington Hill,http://dummyimage.com/100x100.png/dddddd/000000,Italian
858,Agnella Bending,2600,2720 Iowa Trail,http://dummyimage.com/145x100.png/ff4444/ffffff,Continental
859,Osmund Boys,600,9 Kensington Way,http://dummyimage.com/136x100.png/ff4444/ffffff,Salad
860,Amber Steely,600,994 Welch Alley,http://dummyimage.com/199x100.png/ff4444/ffffff,Healthy Food
861,Peri Benneyworth,600,67 Hagan Crossing,http://dummyimage.com/175x100.png/ff4444/ffffff,North Indian
862,Layne Ilbert,1100,88 Westerfield Alley,http://dummyimage.com/224x100.png/ff4444/ffffff,Mediterranean
863,Delcina Witling,1300,5 Bartelt Plaza,http://dummyimage.com/100x100.png/dddddd/000000,Lebanese
864,Simone Leechman,600,02764 Rusk Alley,http://dummyimage.com/202x100.png/dddddd/000000,Cafe
865,Gerald Cowerd,400,9 Vernon Court,http://dummyimage.com/142x100.png/5fa2dd/ffffff,Italian
866,Lenard d' Elboux,600,42 Village Green Lane,http://dummyimage.com/174x100.png/dddddd/000000,American
867,Onida Royal,1200,256 Havey Circle,http://dummyimage.com/217x100.png/ff4444/ffffff,Continental
868,Amelita Landsbury,800,99 Sycamore Trail,http://dummyimage.com/156x100.png/ff4444/ffffff,Italian
869,Carlye Fateley,3000,64215 Arapahoe Crossing,http://dummyimage.com/210x100.png/ff4444/ffffff,Salad
870,Cissy Vasilov,400,6898 Hooker Court,http://dummyimage.com/163x100.png/5fa2dd/ffffff,Finger Food
871,Colet Monelli,650,8 Sugar Parkway,http://dummyimage.com/206x100.png/ff4444/ffffff,Italian
872,Collie Climar,3500,973 Ridgeview Road,http://dummyimage.com/178x100.png/cc0000/ffffff,American
873,Abramo Cadman,700,6182 International Point,http://dummyimage.com/121x100.png/ff4444/ffffff,Continental
874,Ricki Andre,1000,0757 Roth Avenue,http://dummyimage.com/102x100.png/5fa2dd/ffffff,Chinese
875,Franny Hothersall,800,781 Mandrake Terrace,http://dummyimage.com/219x100.png/dddddd/000000,North Indian
876,Domingo Cosford,1800,58342 Anderson Center,http://dummyimage.com/210x100.png/cc0000/ffffff,Seafood
877,Dorian Eckels,1000,4251 Hansons Way,http://dummyimage.com/245x100.png/5fa2dd/ffffff,Italian
878,Kerri Driutti,400,47595 Portage Circle,http://dummyimage.com/219x100.png/cc0000/ffffff,European
879,Nerta Chesher,400,4 Di Loreto Center,http://dummyimage.com/237x100.png/5fa2dd/ffffff,Mediterranean
880,Saxon Fearney,1000,5655 Westend Center,http://dummyimage.com/197x100.png/5fa2dd/ffffff,Asian
881,Karel Gabbetis,550,21 Waywood Avenue,http://dummyimage.com/216x100.png/ff4444/ffffff,Modern Indian
882,Gaspard Von Der Empten,1500,15 Marquette Parkway,http://dummyimage.com/144x100.png/ff4444/ffffff,Finger Food
883,Becca Ferreres,700,21001 Sutherland Circle,http://dummyimage.com/150x100.png/5fa2dd/ffffff,Salad
884,Shaylynn Laurenzi,150,89378 Longview Drive,http://dummyimage.com/183x100.png/cc0000/ffffff,Desserts
885,Bennett Benois,150,913 Anzinger Way,http://dummyimage.com/143x100.png/ff4444/ffffff,European
886,Luther Hulbert,600,140 Goodland Street,http://dummyimage.com/246x100.png/dddddd/000000,American
887,Ynez Elston,100,85026 Springview Terrace,http://dummyimage.com/201x100.png/cc0000/ffffff,Seafood
888,Gloria Rivallant,1000,5639 Monument Avenue,http://dummyimage.com/100x100.png/dddddd/000000,Maharashtrian
889,Harlan Flohard,500,87 North Road,http://dummyimage.com/210x100.png/5fa2dd/ffffff,North Indian
890,Valentina Janeczek,950,5250 Kingsford Terrace,http://dummyimage.com/199x100.png/dddddd/000000,Parsi
891,Roland Vasilenko,500,8 Village Green Place,http://dummyimage.com/196x100.png/5fa2dd/ffffff,Pizza
892,Siana Godar,1200,57848 Mesta Court,http://dummyimage.com/133x100.png/ff4444/ffffff,Fast Food
893,Marys Scutcheon,1700,81 Kensington Alley,http://dummyimage.com/114x100.png/dddddd/000000,North Indian
894,Darin Ousby,900,70 Amoth Avenue,http://dummyimage.com/208x100.png/ff4444/ffffff,Mughlai
895,Jayson Woodeson,1800,2 Springs Way,http://dummyimage.com/219x100.png/ff4444/ffffff,Biryani
896,Rhys Revans,600,12 Jay Plaza,http://dummyimage.com/241x100.png/dddddd/000000,Desserts
897,Anabel Jonke,1500,033 Hermina Parkway,http://dummyimage.com/245x100.png/ff4444/ffffff,Fast Food
898,Tabby Varian,1600,578 Burrows Lane,http://dummyimage.com/100x100.png/cc0000/ffffff,Italian
899,Kattie Muris,1700,4930 Almo Lane,http://dummyimage.com/116x100.png/5fa2dd/ffffff,Mexican
900,Amery Phibb,2500,2 Shopko Trail,http://dummyimage.com/200x100.png/ff4444/ffffff,North Indian
901,Conny Southwood,2500,7 Colorado Court,http://dummyimage.com/160x100.png/ff4444/ffffff,Italian
902,Roselia Lazenbury,800,13862 Sunnyside Junction,http://dummyimage.com/122x100.png/ff4444/ffffff,North Indian
903,Jemimah Staries,850,160 Arapahoe Circle,http://dummyimage.com/250x100.png/dddddd/000000,Mediterranean
904,Brittany Fewkes,2000,8906 Novick Way,http://dummyimage.com/229x100.png/5fa2dd/ffffff,American
905,Aldon Stampe,800,215 Green Court,http://dummyimage.com/158x100.png/dddddd/000000,North Indian
906,Lilith Fowles,1000,63 Graedel Hill,http://dummyimage.com/190x100.png/5fa2dd/ffffff,Mughlai
907,Clea Sheddan,600,21 Prairie Rose Alley,http://dummyimage.com/244x100.png/cc0000/ffffff,European
908,Ceciley Sturney,700,154 Hooker Junction,http://dummyimage.com/182x100.png/dddddd/000000,Mexican
909,Floria Praten,1700,925 Cody Road,http://dummyimage.com/248x100.png/dddddd/000000,Italian
910,Olin Escalero,1100,2240 Elka Trail,http://dummyimage.com/151x100.png/cc0000/ffffff,Mediterranean
911,Torr Neilus,500,25 Waxwing Street,http://dummyimage.com/104x100.png/cc0000/ffffff,European
912,Courtnay Skotcher,5500,946 Arizona Trail,http://dummyimage.com/169x100.png/dddddd/000000,American
913,Odelle Fewlass,1200,296 Northport Crossing,http://dummyimage.com/177x100.png/cc0000/ffffff,Italian
914,Fraser Theml,1400,84 Petterle Circle,http://dummyimage.com/178x100.png/dddddd/000000,Finger Food
915,Walther McCay,650,0560 Dunning Place,http://dummyimage.com/131x100.png/ff4444/ffffff,Mexican
916,Adella Grestye,400,1068 Independence Pass,http://dummyimage.com/119x100.png/cc0000/ffffff,Japanese
917,Rosalynd Wellbeloved,600,94 Lawn Crossing,http://dummyimage.com/213x100.png/cc0000/ffffff,Continental
918,Henryetta Manley,700,005 Welch Center,http://dummyimage.com/121x100.png/cc0000/ffffff,Cafe
919,Johan Danser,1000,643 Graedel Place,http://dummyimage.com/112x100.png/5fa2dd/ffffff,Desserts
920,Richard Carroll,800,31 Straubel Alley,http://dummyimage.com/113x100.png/dddddd/000000,Mexican
921,Enos Iggo,900,98 Sommers Junction,http://dummyimage.com/149x100.png/cc0000/ffffff,Italian
922,Mareah Sings,900,80 Menomonie Hill,http://dummyimage.com/149x100.png/dddddd/000000,Mexican
923,Ilise Della Scala,900,863 Roxbury Crossing,http://dummyimage.com/181x100.png/cc0000/ffffff,Burger
924,Felisha Grinston,1500,874 Merry Junction,http://dummyimage.com/183x100.png/dddddd/000000,Salad
925,Bari Lambird,1400,86900 Porter Park,http://dummyimage.com/182x100.png/ff4444/ffffff,Continental
926,Andrea De Blasiis,600,9428 Weeping Birch Center,http://dummyimage.com/131x100.png/5fa2dd/ffffff,Mediterranean
927,Xavier Tippin,500,986 Dapin Place,http://dummyimage.com/190x100.png/5fa2dd/ffffff,North Indian
928,Brandi Stoop,750,9 Lakeland Hill,http://dummyimage.com/110x100.png/5fa2dd/ffffff,Chinese
929,Cristiano Rolfo,1200,19077 Waubesa Point,http://dummyimage.com/177x100.png/dddddd/000000,North Indian
930,Melamie Eickhoff,300,1434 Vernon Point,http://dummyimage.com/152x100.png/5fa2dd/ffffff,Chinese
931,Claybourne Chisnall,700,5 Walton Terrace,http://dummyimage.com/192x100.png/ff4444/ffffff,Thai
932,Georgena Grodden,700,0 Mcguire Plaza,http://dummyimage.com/202x100.png/ff4444/ffffff,Italian
933,Danyelle Hylton,2000,98455 Superior Street,http://dummyimage.com/190x100.png/ff4444/ffffff,South American
934,Davin McGahern,550,54062 Judy Road,http://dummyimage.com/169x100.png/5fa2dd/ffffff,Brazilian
935,Elia Hoggan,2500,74 Brentwood Plaza,http://dummyimage.com/171x100.png/dddddd/000000,North Indian
936,Valentine Earry,600,873 Waxwing Plaza,http://dummyimage.com/244x100.png/dddddd/000000,South Indian
937,Janet Bridgett,550,4 8th Crossing,http://dummyimage.com/167x100.png/5fa2dd/ffffff,Street Food
938,Raleigh Mitie,600,8 Lillian Hill,http://dummyimage.com/243x100.png/ff4444/ffffff,Chinese
939,Dulce Frederick,800,67 Delaware Street,http://dummyimage.com/186x100.png/ff4444/ffffff,Mughlai
940,Anica Wantling,500,14176 Darwin Terrace,http://dummyimage.com/157x100.png/5fa2dd/ffffff,Chinese
941,Berget Cuttler,550,122 Shoshone Street,http://dummyimage.com/225x100.png/dddddd/000000,Modern Indian
942,Lulu Ivanyukov,800,10 Harbort Junction,http://dummyimage.com/150x100.png/dddddd/000000,Continental
943,Perle Brabben,500,183 Goodland Way,http://dummyimage.com/132x100.png/dddddd/000000,Mexican
944,Correy Brereton,800,09 Johnson Place,http://dummyimage.com/166x100.png/5fa2dd/ffffff,Burger
945,Jillene McGorman,650,45 Oxford Drive,http://dummyimage.com/167x100.png/dddddd/000000,American
946,Walden Crossfeld,300,464 Johnson Hill,http://dummyimage.com/145x100.png/5fa2dd/ffffff,Sandwich
947,Brigit Kissick,1650,3167 Schiller Trail,http://dummyimage.com/153x100.png/cc0000/ffffff,Italian
948,Shoshanna Dallinder,750,9 Anderson Point,http://dummyimage.com/103x100.png/cc0000/ffffff,Finger Food
949,Nolana Stonhouse,900,33627 Birchwood Court,http://dummyimage.com/192x100.png/dddddd/000000,Grill
950,Leesa Anglim,1800,356 Jana Crossing,http://dummyimage.com/229x100.png/ff4444/ffffff,Mexican
951,Auroora Klempke,450,43620 Brentwood Drive,http://dummyimage.com/119x100.png/dddddd/000000,Beverages
952,Aurlie Gentric,1100,36047 Weeping Birch Point,http://dummyimage.com/249x100.png/ff4444/ffffff,Cafe
953,Emelyne Scoullar,900,6401 Portage Crossing,http://dummyimage.com/182x100.png/ff4444/ffffff,Desserts
954,Biddy Gormally,650,391 Raven Avenue,http://dummyimage.com/242x100.png/5fa2dd/ffffff,Italian
955,Kriste Doddemeade,500,4476 Prairieview Parkway,http://dummyimage.com/226x100.png/ff4444/ffffff,Continental
956,Anastasie Hallewell,700,75872 Sherman Parkway,http://dummyimage.com/117x100.png/dddddd/000000,Italian
957,Lissa Dalgetty,850,439 Hanson Plaza,http://dummyimage.com/230x100.png/cc0000/ffffff,North Indian
958,Yoshiko Brisseau,400,8504 Merrick Center,http://dummyimage.com/140x100.png/dddddd/000000,Cafe
959,Mitchael Shelliday,500,7 4th Hill,http://dummyimage.com/227x100.png/5fa2dd/ffffff,American
960,Marleah Claffey,450,748 Clemons Parkway,http://dummyimage.com/246x100.png/5fa2dd/ffffff,Mexican
961,Prissie Tokell,650,1 Esker Drive,http://dummyimage.com/140x100.png/ff4444/ffffff,Italian
962,Heinrik Brownbridge,1200,29 Hovde Drive,http://dummyimage.com/241x100.png/cc0000/ffffff,Asian
963,Stirling Fenby,600,4232 Buhler Avenue,http://dummyimage.com/101x100.png/ff4444/ffffff,Chinese
964,Celle Monkleigh,600,16 Dryden Pass,http://dummyimage.com/233x100.png/5fa2dd/ffffff,Sushi
965,Ania Champion,600,893 Fremont Road,http://dummyimage.com/176x100.png/5fa2dd/ffffff,North Indian
966,Sallyann Wallbutton,600,63 Petterle Road,http://dummyimage.com/171x100.png/5fa2dd/ffffff,North Indian
967,Marleen Chipperfield,600,04 Riverside Road,http://dummyimage.com/109x100.png/ff4444/ffffff,Mughlai
968,Lianne Butson,800,593 Hoard Place,http://dummyimage.com/248x100.png/dddddd/000000,Continental
969,Cecilius Coonihan,1600,5511 Raven Circle,http://dummyimage.com/106x100.png/dddddd/000000,European
970,Gretel Bottoms,650,93 Stang Pass,http://dummyimage.com/235x100.png/ff4444/ffffff,Continental
971,Della Matthensen,800,1141 Oriole Plaza,http://dummyimage.com/101x100.png/ff4444/ffffff,North Indian
972,Kellen Dunnett,2000,6126 Hintze Hill,http://dummyimage.com/165x100.png/ff4444/ffffff,European
973,Patty Merkle,300,2 Stephen Place,http://dummyimage.com/116x100.png/dddddd/000000,Continental
974,Shelia Broxton,1500,5 Mallory Circle,http://dummyimage.com/100x100.png/dddddd/000000,Biryani
975,Otho Exrol,550,2 Jenna Circle,http://dummyimage.com/133x100.png/5fa2dd/ffffff,Italian
976,Rawley Mallatratt,350,66936 Michigan Point,http://dummyimage.com/211x100.png/5fa2dd/ffffff,Pizza
977,Susi Godfray,1000,94 Algoma Drive,http://dummyimage.com/193x100.png/dddddd/000000,North Indian
978,Teri Dunaway,700,33968 Merrick Street,http://dummyimage.com/100x100.png/5fa2dd/ffffff,Mughlai
979,Felix Mogie,1000,852 Meadow Vale Center,http://dummyimage.com/116x100.png/dddddd/000000,Asian
980,Milzie Wallington,1100,2 Schmedeman Street,http://dummyimage.com/102x100.png/5fa2dd/ffffff,Middle Eastern
981,Karim Whitehall,300,7 Corry Street,http://dummyimage.com/137x100.png/dddddd/000000,North Indian
982,Danie Garley,550,36 Arrowood Park,http://dummyimage.com/117x100.png/cc0000/ffffff,Mughlai
983,Holly Kless,4000,83156 Hauk Road,http://dummyimage.com/190x100.png/ff4444/ffffff,North Indian
984,Jaclin Bosman,200,07698 Springs Drive,http://dummyimage.com/208x100.png/5fa2dd/ffffff,Continental
985,Kora Cleaton,550,60071 Johnson Drive,http://dummyimage.com/171x100.png/ff4444/ffffff,Chinese
986,Jammal Skynner,1300,43630 Kedzie Drive,http://dummyimage.com/212x100.png/ff4444/ffffff,Seafood
987,Marcos Dennington,800,4103 Raven Alley,http://dummyimage.com/139x100.png/5fa2dd/ffffff,Italian
988,Lind Weild,800,59 Ludington Court,http://dummyimage.com/195x100.png/cc0000/ffffff,Desserts
989,Lazaro Alelsandrowicz,1200,26 Mcguire Parkway,http://dummyimage.com/162x100.png/dddddd/000000,Pizza
990,Steffane Stewartson,2000,6 Grover Street,http://dummyimage.com/129x100.png/dddddd/000000,North Indian
991,Elfrieda Toppin,700,316 Mosinee Junction,http://dummyimage.com/124x100.png/5fa2dd/ffffff,Asian
992,Elaina Kohen,3000,8976 Arapahoe Park,http://dummyimage.com/185x100.png/ff4444/ffffff,Mughlai
993,Binni Garbert,1500,6907 Pine View Center,http://dummyimage.com/185x100.png/5fa2dd/ffffff,Cafe
994,Chandler Hatrick,1200,44721 Oneill Terrace,http://dummyimage.com/138x100.png/ff4444/ffffff,North Indian
995,Godard Cowill,800,635 Morningstar Court,http://dummyimage.com/228x100.png/ff4444/ffffff,Mughlai
996,Daron Dakhov,1300,21 Kensington Plaza,http://dummyimage.com/235x100.png/ff4444/ffffff,Biryani
997,Harwilll Blackie,4500,6164 Badeau Court,http://dummyimage.com/128x100.png/dddddd/000000,BBQ
998,Kelcy Micklewright,1600,010 West Place,http://dummyimage.com/141x100.png/cc0000/ffffff,Chinese
999,Claresta Leverson,750,89962 Garrison Road,http://dummyimage.com/103x100.png/cc0000/ffffff,Mughlai
1000,Eldridge Messer,85,099 3rd Center,http://dummyimage.com/155x100.png/cc0000/ffffff,Poland
